ZIPCODE,owner,full_address,Latitude,Longitude,"Accuracy Score","Accuracy Type",Number,Street,"Unit Type","Unit Number",City,State,County,Zip,Country,Source
02115,"BERKLEE COLLEGE OF MUSIC","CAMBRIA ST, 02115",42.347177,-71.085617,1,street_center,,"Cambria St",,,Boston,MA,"Suffolk County",02115,US,"TIGER/Line® dataset from the US Census Bureau"
02115,"BERKLEE COLLEGE OF MUSIC","167 MASSACHUSETTS AV, 02115",42.34606,-71.08747,1,rooftop,167,"Massachusetts Ave",,,Boston,MA,"Suffolk County",02115,US,"City of Boston"
02115,"BERKLEE COLLEGE OF MUSIC","153 157A MASSACHUSETTS AV, 02115",42.336342,-71.104176,0.33,place,,,,,Boston,MA,"Suffolk County",02115,US,"TIGER/Line® dataset from the US Census Bureau"
02115,"BERKLEE COLLEGE OF MUSIC","159 A165 MASSACHUSETTS AV, 02115",42.336342,-71.104176,0.33,place,,,,,Boston,MA,"Suffolk County",02115,US,"TIGER/Line® dataset from the US Census Bureau"
02115,"BERKLEE COLLEGE OF MUSIC","915 921 BOYLSTON ST, 02115",42.34839,-71.08457,1,rooftop,915-921,"Boylston St",,,Boston,MA,"Suffolk County",02115,US,"City of Boston"
02115,"BERKLEE COLLEGE OF MUSIC","925 925A BOYLSTON ST, 02115",42.34252,-71.644687,0.5,street_center,,A,,,Northborough,MA,"Worcester County",01532,US,"TIGER/Line® dataset from the US Census Bureau"
02215,"BERKLEE COLLEGE OF MUSIC INC","22 FENWAY ST, 02215",42.345969,-71.090032,1,rooftop,22,Fenway,,,Boston,MA,"Suffolk County",02215,US,"City of Boston"
02115,"BERKLEE COLLEGE OF MUSIC INC","11-May HAVILAND ST, 02115",42.336342,-71.104176,0.22,place,,,,,Boston,MA,"Suffolk County",02115,US,"TIGER/Line® dataset from the US Census Bureau"
02215,"BERKLEE COLLEGE OF MUSIC INC","1096 1098 BOYLSTON ST, 02215",42.346864,-71.088419,1,rooftop,1096-1098,"Boylston St",,,Boston,MA,"Suffolk County",02215,US,"City of Boston"
02115,"BERKLEE COLLEGE OF MUSIC INC","11-May HAVILAND ST, 02115",42.336342,-71.104176,0.22,place,,,,,Boston,MA,"Suffolk County",02115,US,"TIGER/Line® dataset from the US Census Bureau"
02115,"BERKLEE COLLEGE OF MUSIC INC","138 MASSACHUSETTS AV, 02115",42.34688,-71.087232,1,rooftop,138,"Massachusetts Ave",,,Boston,MA,"Suffolk County",02115,US,"City of Boston"
02115,"BERKLEE COLLEGE OF MUSIC INC","136 B MASSACHUSETTS AV, 02115",42.347066,-71.087031,0.9,rooftop,136,"Massachusetts Ave",,,Boston,MA,"Suffolk County",02115,US,"City of Boston"
02115,"BERKLEE COLLEGE OF MUSIC INC","136 B MASSACHUSETTS AV, 02115",42.347066,-71.087031,0.9,rooftop,136,"Massachusetts Ave",,,Boston,MA,"Suffolk County",02115,US,"City of Boston"
02115,"BERKLEE COLLEGE OF MUSIC INC","11-May HAVILAND ST, 02115",42.336342,-71.104176,0.22,place,,,,,Boston,MA,"Suffolk County",02115,US,"TIGER/Line® dataset from the US Census Bureau"
02115,"BERKLEE COLLEGE OF MUSIC INC","134 130 MASSACHUSETTS AV, 02115",42.347157,-71.087368,1,rooftop,130,"Massachusetts Ave",,,Boston,MA,"Suffolk County",02115,US,"City of Boston"
02215,"BERKLEE COLLEGE OF MUSIC INC","1106 1110 BOYLSTON ST, 02215",42.346828,-71.08857,1,rooftop,1106-1110,"Boylston St",,,Boston,MA,"Suffolk County",02215,US,"City of Boston"
02115,"BERKLEE COLLEGE OF MUSIC INC","11-May HAVILAND ST, 02115",42.336342,-71.104176,0.22,place,,,,,Boston,MA,"Suffolk County",02115,US,"TIGER/Line® dataset from the US Census Bureau"
02115,"BERKLEE COLLEGE OF MUSIC INC","168 174 MASSACHUSETTS AV, 02115",42.34615,-71.08689,1,rooftop,168-174,"Massachusetts Ave",,,Boston,MA,"Suffolk County",02115,US,"City of Boston"
02115,"BERKLEE COLLEGE OF MUSIC INC","154 162 MASSACHUSETTS AV, 02115",42.34634,-71.08698,1,rooftop,154-162,"Massachusetts Ave",,,Boston,MA,"Suffolk County",02115,US,"City of Boston"
02115,"BERKLEE COLLEGE OF MUSIC INC","11 BELVIDERE ST, 02115",42.34623,-71.08662,1,rooftop,11,"Belvidere St",,,Boston,MA,"Suffolk County",02115,US,"City of Boston"
02116,"BERKLEE COLLEGE OF MUSIC INC","266 264 COMMONWEALTH AV, 02116",42.350022,-71.08347,1,rooftop,264,"Commonwealth Ave",,,Boston,MA,"Suffolk County",02116,US,"City of Boston"
02116,"BERKLEE COLLEGE OF MUSIC INC","268 272 COMMONWEALTH AV, 02116",42.349945,-71.08371,1,rooftop,268-272,"Commonwealth Ave",,,Boston,MA,"Suffolk County",02116,US,"City of Boston"
02134,"BERKLEE COLLEGE OF MUSIC INC","17 37 FORDHAM RD, 02134",42.351391,-71.128167,1,rooftop,17-37,"Fordham Rd",,,Allston,MA,"Suffolk County",02134,US,"City of Boston"
02115,"BOSTON ARCHITECTURAL COLLEGE","322 NEWBURY ST, 02115",42.348434,-71.085931,1,rooftop,322,"Newbury St",,,Boston,MA,"Suffolk County",02115,US,"City of Boston"
02115,"BOSTON ARCHITECTURAL COLLEGE","320 NEWBURY ST, 02115",42.34846,-71.0858,1,rooftop,320,"Newbury St",,,Boston,MA,"Suffolk County",02115,US,"City of Boston"
02136,"BOSTON BAPTIST COLLEGE","NEW BEDFORD ST, 02136",42.255308,-71.110569,1,street_center,,"New Bedford St",,,"Hyde Park",MA,"Suffolk County",02136,US,"TIGER/Line® dataset from the US Census Bureau"
02136,"BOSTON BAPTIST COLLEGE","NEW BEDFORD ST, 02136",42.255308,-71.110569,1,street_center,,"New Bedford St",,,"Hyde Park",MA,"Suffolk County",02136,US,"TIGER/Line® dataset from the US Census Bureau"
02136,"BOSTON BAPTIST COLLEGE","NEW BEDFORD ST, 02136",42.255308,-71.110569,1,street_center,,"New Bedford St",,,"Hyde Park",MA,"Suffolk County",02136,US,"TIGER/Line® dataset from the US Census Bureau"
02136,"BOSTON BAPTIST COLLEGE","950 METROPOLITAN AV, 02136",42.254,-71.11026,1,rooftop,950,"Metropolitan Ave",,,"Hyde Park",MA,"Suffolk County",02136,US,"City of Boston"
02136,"BOSTON BAPTIST COLLEGE","NEW BEDFORD ST, 02136",42.255308,-71.110569,1,street_center,,"New Bedford St",,,"Hyde Park",MA,"Suffolk County",02136,US,"TIGER/Line® dataset from the US Census Bureau"
02134,"BOSTON UNIVERSITY","899 - 925 COMMONWEALTH AV, 02134",42.351586,-71.116958,0.8,rooftop,899-925,"Commonwealth Ave",,,Boston,MA,"Suffolk County",02215,US,"City of Boston"
02134,"BOSTON UNIVERSITY","899 - 925 COMMONWEALTH AV, 02134",42.351586,-71.116958,0.8,rooftop,899-925,"Commonwealth Ave",,,Boston,MA,"Suffolk County",02215,US,"City of Boston"
02215,"BOSTON UNIVERSITY","640 COMMONWEALTH AV, 02215",42.34884,-71.10232,1,rooftop,640,"Commonwealth Ave",,,Boston,MA,"Suffolk County",02215,US,"City of Boston"
02215,"BOSTON UNIVERSITY","25 BUICK ST, 02215",42.35196,-71.11523,1,rooftop,25,"Buick St",,,Boston,MA,"Suffolk County",02215,US,"City of Boston"
02215,"BOSTON UNIVERSITY","36 38 CUMMINGTON ST, 02215",42.348692,-71.103544,0.9,range_interpolation,36,"Cummington St",,,Boston,MA,"Suffolk County",02215,US,"TIGER/Line® dataset from the US Census Bureau"
02215,"BOSTON UNIVERSITY","855 - 859 COMMONWEALTH AV, 02215",42.351332,-71.113814,1,rooftop,855,"Commonwealth Ave",,,Boston,MA,"Suffolk County",02215,US,"City of Boston"
02116,"BOSTON UNIVERSITY","BUICK ST, 02116",42.350579,-71.076397,0.67,place,,,,,Boston,MA,"Suffolk County",02116,US,"TIGER/Line® dataset from the US Census Bureau"
02134,"BOSTON UNIVERSITY","899 - 925 COMMONWEALTH AV, 02134",42.351586,-71.116958,0.8,rooftop,899-925,"Commonwealth Ave",,,Boston,MA,"Suffolk County",02215,US,"City of Boston"
02215,"BOSTON UNIVERSITY TR OF","522 514A PARK DR, 02215",42.347593,-71.102934,0.22,place,,,,,Boston,MA,"Suffolk County",02215,US,"TIGER/Line® dataset from the US Census Bureau"
02215,"BOSTON UNIVERSITY TRS","90 BAY STATE RD, 02215",42.34985,-71.09697,1,rooftop,90,"Bay State Rd",,,Boston,MA,"Suffolk County",02215,US,"City of Boston"
02215,"BOSTON UNIVERSITY TRS","194 BAY STATE RD, 02215",42.3503,-71.1023,1,rooftop,194,"Bay State Rd",,,Boston,MA,"Suffolk County",02215,US,"City of Boston"
02115,"BOSTON UNIVERSITY TRS","232 BAY STATE RD, 02115",42.336342,-71.104176,0.22,place,,,,,Boston,MA,"Suffolk County",02115,US,"TIGER/Line® dataset from the US Census Bureau"
02116,"BOSTON UNIVERSITY TRS","871 COMMONWEALTH AV, 02116",42.351486,-71.114574,0.8,rooftop,871,"Commonwealth Ave",,,Boston,MA,"Suffolk County",02215,US,"City of Boston"
02134,"BOSTON UNIVERSITY TRS","GARDNER ST, 02134",42.353452,-71.12575,1,street_center,,"Gardner St",,,Allston,MA,"Suffolk County",02134,US,"TIGER/Line® dataset from the US Census Bureau"
02215,"BOSTON UNIVERSITY TRS OF","168 BAY STATE RD, 02215",42.350192,-71.101201,1,rooftop,168,"Bay State Rd",,,Boston,MA,"Suffolk County",02215,US,"City of Boston"
02215,"BOSTON UNIVERSITY TRS OF","162 BAY STATE RD, 02215",42.35016,-71.10097,1,rooftop,162,"Bay State Rd",,,Boston,MA,"Suffolk County",02215,US,"City of Boston"
02215,"BOSTON UNIVERSITY TRS OF","160 BAY STATE RD, 02215",42.350155,-71.100891,1,rooftop,160,"Bay State Rd",,,Boston,MA,"Suffolk County",02215,US,"City of Boston"
02215,"BOSTON UNIVERSITY TRS OF","92 BAY STATE RD, 02215",42.34985,-71.09706,1,rooftop,92,"Bay State Rd",,,Boston,MA,"Suffolk County",02215,US,"City of Boston"
02215,"BOSTON UNIVERSITY TRS OF","188 BAY STATE RD, 02215",42.35028,-71.10205,1,rooftop,188,"Bay State Rd",,,Boston,MA,"Suffolk County",02215,US,"City of Boston"
02215,"BOSTON UNIVERSITY TRS OF","186 BAY STATE RD, 02215",42.35027,-71.10197,1,rooftop,186,"Bay State Rd",,,Boston,MA,"Suffolk County",02215,US,"City of Boston"
02215,"BOSTON UNIVERSITY TRS OF","184 BAY STATE RD, 02215",42.35026,-71.10189,1,rooftop,184,"Bay State Rd",,,Boston,MA,"Suffolk County",02215,US,"City of Boston"
02215,"BOSTON UNIVERSITY TRS OF","182 BAY STATE RD, 02215",42.35025,-71.10181,1,rooftop,182,"Bay State Rd",,,Boston,MA,"Suffolk County",02215,US,"City of Boston"
02215,"BOSTON UNIVERSITY TRS OF","181 BAY STATE RD, 02215",42.35065,-71.10165,1,rooftop,181,"Bay State Rd",,,Boston,MA,"Suffolk County",02215,US,"City of Boston"
02215,"BOSTON UNIVERSITY TRS OF","176 BAY STATE RD, 02215",42.35023,-71.10156,1,rooftop,176,"Bay State Rd",,,Boston,MA,"Suffolk County",02215,US,"City of Boston"
02215,"BOSTON UNIVERSITY TRS OF","202 BAY STATE RD, 02215",42.350331,-71.102632,1,rooftop,202,"Bay State Rd",,,Boston,MA,"Suffolk County",02215,US,"City of Boston"
02215,"BOSTON UNIVERSITY TRS OF","190 BAY STATE RD, 02215",42.35029,-71.10214,1,rooftop,190,"Bay State Rd",,,Boston,MA,"Suffolk County",02215,US,"City of Boston"
02215,"BOSTON UNIVERSITY TRS OF","196 BAY STATE RD, 02215",42.35031,-71.10238,1,rooftop,196,"Bay State Rd",,,Boston,MA,"Suffolk County",02215,US,"City of Boston"
02215,"BOSTON UNIVERSITY TRS OF","166 BAY STATE RD, 02215",42.35018,-71.10112,1,rooftop,166,"Bay State Rd",,,Boston,MA,"Suffolk County",02215,US,"City of Boston"
02215,"BOSTON UNIVERSITY TRS OF","200 BAY STATE RD, 02215",42.35032,-71.10255,1,rooftop,200,"Bay State Rd",,,Boston,MA,"Suffolk County",02215,US,"City of Boston"
02215,"BOSTON UNIVERSITY TRS OF","124 BAY STATE RD Apt 1, 02215",42.34999,-71.09888,1,rooftop,124,"Bay State Rd",Apt,1,Boston,MA,"Suffolk County",02215,US,"City of Boston"
02215,"BOSTON UNIVERSITY TRS OF","124 BAY STATE RD Apt 2, 02215",42.34999,-71.09888,1,rooftop,124,"Bay State Rd",Apt,2,Boston,MA,"Suffolk County",02215,US,"City of Boston"
02215,"BOSTON UNIVERSITY TRS OF","153 BAY STATE RD, 02215",42.35056,-71.10047,1,rooftop,153,"Bay State Rd",,,Boston,MA,"Suffolk County",02215,US,"City of Boston"
02215,"BOSTON UNIVERSITY TRS OF","159 BAY STATE RD, 02215",42.35057,-71.10075,1,rooftop,159,"Bay State Rd",,,Boston,MA,"Suffolk County",02215,US,"City of Boston"
02215,"BOSTON UNIVERSITY TRS OF","118 BAY STATE RD, 02215",42.349959,-71.098627,1,rooftop,118,"Bay State Rd",,,Boston,MA,"Suffolk County",02215,US,"City of Boston"
02215,"BOSTON UNIVERSITY TRS OF","631 639 COMMONWEALTH AV, 02215",42.349866,-71.101987,1,rooftop,631-639,"Commonwealth Ave",,,Boston,MA,"Suffolk County",02215,US,"City of Boston"
02215,"BOSTON UNIVERSITY TRS OF","199 BAY STATE RD, 02215",42.35072,-71.10243,1,rooftop,199,"Bay State Rd",,,Boston,MA,"Suffolk County",02215,US,"City of Boston"
02215,"BOSTON UNIVERSITY TRS OF","161 BAY STATE RD, 02215",42.350579,-71.100838,1,rooftop,161,"Bay State Rd",,,Boston,MA,"Suffolk County",02215,US,"City of Boston"
02215,"BOSTON UNIVERSITY TRS OF","125 BAY STATE RD, 02215",42.350444,-71.098994,1,rooftop,125,"Bay State Rd",,,Boston,MA,"Suffolk County",02215,US,"City of Boston"
02215,"BOSTON UNIVERSITY TRS OF","169 BAY STATE RD, 02215",42.350606,-71.101163,1,rooftop,169,"Bay State Rd",,,Boston,MA,"Suffolk County",02215,US,"City of Boston"
02215,"BOSTON UNIVERSITY TRS OF","179 BAY STATE RD, 02215",42.35064,-71.10157,1,rooftop,179,"Bay State Rd",,,Boston,MA,"Suffolk County",02215,US,"City of Boston"
02215,"BOSTON UNIVERSITY TRS OF","BAY STATE RD, 02215",42.350419,-71.099727,1,street_center,,"Bay State Rd",,,Boston,MA,"Suffolk County",02215,US,"TIGER/Line® dataset from the US Census Bureau"
02215,"BOSTON UNIVERSITY TRS OF","157 BAY STATE RD, 02215",42.35058,-71.10066,1,rooftop,157,"Bay State Rd",,,Boston,MA,"Suffolk County",02215,US,"City of Boston"
02215,"BOSTON UNIVERSITY TRS OF","163 BAY STATE RD, 02215",42.350586,-71.10092,1,rooftop,163,"Bay State Rd",,,Boston,MA,"Suffolk County",02215,US,"City of Boston"
02215,"BOSTON UNIVERSITY TRS OF","185 BAY STATE RD, 02215",42.35067,-71.10182,1,rooftop,185,"Bay State Rd",,,Boston,MA,"Suffolk County",02215,US,"City of Boston"
02215,"BOSTON UNIVERSITY TRS OF","206 BAY STATE RD, 02215",42.35035,-71.1028,1,rooftop,206,"Bay State Rd",,,Boston,MA,"Suffolk County",02215,US,"City of Boston"
02215,"BOSTON UNIVERSITY TRS OF","177 BAY STATE RD, 02215",42.35064,-71.10149,1,rooftop,177,"Bay State Rd",,,Boston,MA,"Suffolk County",02215,US,"City of Boston"
02215,"BOSTON UNIVERSITY TRS OF","152 BAY STATE RD, 02215",42.350109,-71.100577,1,rooftop,152,"Bay State Rd",,,Boston,MA,"Suffolk County",02215,US,"City of Boston"
02215,"BOSTON UNIVERSITY TRS OF","201 BAY STATE RD, 02215",42.35072,-71.10251,1,rooftop,201,"Bay State Rd",,,Boston,MA,"Suffolk County",02215,US,"City of Boston"
02215,"BOSTON UNIVERSITY TRS OF","158 BAY STATE RD, 02215",42.35015,-71.10082,1,rooftop,158,"Bay State Rd",,,Boston,MA,"Suffolk County",02215,US,"City of Boston"
02215,"BOSTON UNIVERSITY TRS OF","154 BAY STATE RD, 02215",42.35011,-71.10068,1,rooftop,154,"Bay State Rd",,,Boston,MA,"Suffolk County",02215,US,"City of Boston"
02215,"BOSTON UNIVERSITY TRS OF","136 148 BAY STATE RD, 02215",42.35005,-71.09981,1,rooftop,136-148,"Bay State Rd",,,Boston,MA,"Suffolk County",02215,US,"City of Boston"
02215,"BOSTON UNIVERSITY TRS OF","175 BAY STATE RD, 02215",42.35063,-71.10141,1,rooftop,175,"Bay State Rd",,,Boston,MA,"Suffolk County",02215,US,"City of Boston"
02215,"BOSTON UNIVERSITY TRS OF","167 BAY STATE RD, 02215",42.3506,-71.10108,1,rooftop,167,"Bay State Rd",,,Boston,MA,"Suffolk County",02215,US,"City of Boston"
02215,"BOSTON UNIVERSITY TRS OF","208 BAY STATE RD, 02215",42.35036,-71.10288,1,rooftop,208,"Bay State Rd",,,Boston,MA,"Suffolk County",02215,US,"City of Boston"
02215,"BOSTON UNIVERSITY TRS OF","80 CUMMINGTON ST, 02215",42.348848,-71.104433,1,range_interpolation,80,"Cummington St",,,Boston,MA,"Suffolk County",02215,US,"TIGER/Line® dataset from the US Census Bureau"
02215,"BOSTON UNIVERSITY TRS OF","UNIVERSITY RD, 02215",42.351371,-71.109683,1,street_center,,"University Rd",,,Boston,MA,"Suffolk County",02215,US,"TIGER/Line® dataset from the US Census Bureau"
02215,"BOSTON UNIVERSITY TRS OF","2 CUMMINGTON ST, 02215",42.348872,-71.103005,1,range_interpolation,2,"Cummington St",,,Boston,MA,"Suffolk County",02215,US,"TIGER/Line® dataset from the US Census Bureau"
02116,"BOSTON UNIVERSITY TRST","146 COMMONWEALTH AV, 02116",42.35161,-71.07755,1,rooftop,146,"Commonwealth Ave",,,Boston,MA,"Suffolk County",02116,US,"City of Boston"
02215,"BOSTON UNIVERSITY TRST","BAY STATE RD, 02215",42.350419,-71.099727,1,street_center,,"Bay State Rd",,,Boston,MA,"Suffolk County",02215,US,"TIGER/Line® dataset from the US Census Bureau"
02215,"BOSTON UNIVERSITY TRST","44 BUSWELL ST, 02215",42.34706,-71.1064,1,rooftop,44,"Buswell St",,,Boston,MA,"Suffolk County",02215,US,"City of Boston"
02215,"BOSTON UNIVERSITY TRST","42 BUSWELL ST, 02215",42.3471,-71.10623,1,rooftop,42,"Buswell St",,,Boston,MA,"Suffolk County",02215,US,"City of Boston"
02215,"BOSTON UNIVERSITY TRST","48 BUSWELL ST, 02215",42.34702,-71.10655,1,rooftop,48,"Buswell St",,,Boston,MA,"Suffolk County",02215,US,"City of Boston"
02215,"BOSTON UNIVERSITY TRST","40 BUSWELL ST, 02215",42.34711,-71.10611,1,rooftop,40,"Buswell St",,,Boston,MA,"Suffolk County",02215,US,"City of Boston"
02215,"BOSTON UNIVERSITY TRST OF","96 BAY STATE RD, 02215",42.34985,-71.09731,1,rooftop,96,"Bay State Rd",,,Boston,MA,"Suffolk County",02215,US,"City of Boston"
02215,"BOSTON UNIVERSITY TRST OF","67 BAY STATE RD, 02215",42.35021,-71.09588,1,rooftop,67,"Bay State Rd",,,Boston,MA,"Suffolk County",02215,US,"City of Boston"
02215,"BOSTON UNIVERSITY TRST OF","70 BAY STATE RD, 02215",42.349799,-71.096142,1,rooftop,70,"Bay State Rd",,,Boston,MA,"Suffolk County",02215,US,"City of Boston"
02215,"BOSTON UNIVERSITY TRST OF","94 BAY STATE RD, 02215",42.34986,-71.09714,1,rooftop,94,"Bay State Rd",,,Boston,MA,"Suffolk County",02215,US,"City of Boston"
02215,"BOSTON UNIVERSITY TRST OF","68 BAY STATE RD, 02215",42.349791,-71.096059,1,rooftop,68,"Bay State Rd",,,Boston,MA,"Suffolk County",02215,US,"City of Boston"
02215,"BOSTON UNIVERSITY TRST OF","197 BAY STATE RD, 02215",42.35071,-71.102346,1,rooftop,197,"Bay State Rd",,,Boston,MA,"Suffolk County",02215,US,"City of Boston"
02215,"BOSTON UNIVERSITY TRST OF","12 BABBITT ST, 02215",42.349123,-71.105729,1,rooftop,12,"Babbitt St",,,Boston,MA,"Suffolk County",02215,US,"City of Boston"
02215,"BOSTON UNIVERSITY TRST OF","43 BUSWELL ST, 02215",42.34739,-71.10668,1,rooftop,43,"Buswell St",,,Boston,MA,"Suffolk County",02215,US,"City of Boston"
02215,"BOSTON UNIVERSITY TRST OF","41 BUSWELL ST, 02215",42.34741,-71.10661,1,rooftop,41,"Buswell St",,,Boston,MA,"Suffolk County",02215,US,"City of Boston"
02215,"BOSTON UNIVERSITY TRST OF","96 100 MOUNTFORT ST, 02215",42.348119,-71.105316,1,rooftop,100,"Mountfort St",,,Boston,MA,"Suffolk County",02215,US,"City of Boston"
02215,"BOSTON UNIVERSITY TRST OF","55 BUSWELL ST, 02215",42.34731,-71.10694,1,rooftop,55,"Buswell St",,,Boston,MA,"Suffolk County",02215,US,"City of Boston"
02215,"BOSTON UNIVERSITY TRST OF","616 620 COMMONWEALTH AV, 02215",42.349206,-71.10208,0.9,range_interpolation,616,"Commonwealth Ave",,,Boston,MA,"Suffolk County",02215,US,"TIGER/Line® dataset from the US Census Bureau"
02118,"BOSTON UNIVERSITY TRSTS","E NEWTON ST, 02118",42.337396,-71.072184,1,street_center,,"E Newton St",,,Boston,MA,"Suffolk County",02118,US,"TIGER/Line® dataset from the US Census Bureau"
02118,"BOSTON UNIVERSITY TRSTS","790 HARRISON AV, 02118",42.336154,-71.073157,1,rooftop,790,"Harrison Ave",,,Boston,MA,"Suffolk County",02118,US,"City of Boston"
02118,"BOSTON UNIVERSITY TRSTS","E NEWTON ST, 02118",42.337396,-71.072184,1,street_center,,"E Newton St",,,Boston,MA,"Suffolk County",02118,US,"TIGER/Line® dataset from the US Census Bureau"
02118,"BOSTON UNIVERSITY TRSTS","78 E CONCORD ST, 02118",42.33596,-71.07235,1,rooftop,78,"E Concord St",,,Boston,MA,"Suffolk County",02118,US,"City of Boston"
02118,"BOSTON UNIVERSITY TRSTS","80 E CONCORD ST, 02118",42.335974,-71.072253,1,rooftop,80,"E Concord St",,,Boston,MA,"Suffolk County",02118,US,"City of Boston"
02215,"BOSTON UNIVERSITY TRSTS","30 BAY STATE RD, 02215",42.34977,-71.09439,1,rooftop,30,"Bay State Rd",,,Boston,MA,"Suffolk County",02215,US,"City of Boston"
02215,"BOSTON UNIVERSITY TRSTS","521 BEACON ST, 02215",42.350322,-71.090687,1,rooftop,521,"Beacon St",,,Boston,MA,"Suffolk County",02215,US,"City of Boston"
02215,"BOSTON UNIVERSITY TRSTS","30 BAY STATE RD, 02215",42.34977,-71.09439,1,rooftop,30,"Bay State Rd",,,Boston,MA,"Suffolk County",02215,US,"City of Boston"
02215,"BOSTON UNIVERSITY TRSTS","65 BAY STATE RD, 02215",42.35021,-71.0958,1,rooftop,65,"Bay State Rd",,,Boston,MA,"Suffolk County",02215,US,"City of Boston"
02215,"BOSTON UNIVERSITY TRSTS","519 BEACON ST, 02215",42.350341,-71.090611,1,rooftop,519,"Beacon St",,,Boston,MA,"Suffolk County",02215,US,"City of Boston"
02215,"BOSTON UNIVERSITY TRSTS","178 BAY STATE RD, 02215",42.35024,-71.101641,1,rooftop,178,"Bay State Rd",,,Boston,MA,"Suffolk County",02215,US,"City of Boston"
02215,"BOSTON UNIVERSITY TRSTS","481 COMMONWEALTH AV, 02215",42.34938,-71.09392,1,rooftop,481,"Commonwealth Ave",,,Boston,MA,"Suffolk County",02215,US,"City of Boston"
02215,"BOSTON UNIVERSITY TRSTS","483 COMMONWEALTH AV, 02215",42.349379,-71.094013,1,rooftop,483,"Commonwealth Ave",,,Boston,MA,"Suffolk County",02215,US,"City of Boston"
02215,"BOSTON UNIVERSITY TRSTS","164 BAY STATE RD, 02215",42.35017,-71.10103,1,rooftop,164,"Bay State Rd",,,Boston,MA,"Suffolk County",02215,US,"City of Boston"
02215,"BOSTON UNIVERSITY TRSTS","198 BAY STATE RD, 02215",42.35032,-71.10246,1,rooftop,198,"Bay State Rd",,,Boston,MA,"Suffolk County",02215,US,"City of Boston"
02215,"BOSTON UNIVERSITY TRSTS","195 BAY STATE RD, 02215",42.3507,-71.10226,1,rooftop,195,"Bay State Rd",,,Boston,MA,"Suffolk County",02215,US,"City of Boston"
02215,"BOSTON UNIVERSITY TRSTS","BAY STATE RD, 02215",42.350419,-71.099727,1,street_center,,"Bay State Rd",,,Boston,MA,"Suffolk County",02215,US,"TIGER/Line® dataset from the US Census Bureau"
02215,"BOSTON UNIVERSITY TRSTS","116 BAY STATE RD, 02215",42.349952,-71.098553,1,rooftop,116,"Bay State Rd",,,Boston,MA,"Suffolk County",02215,US,"City of Boston"
02215,"BOSTON UNIVERSITY TRSTS","121 BAY STATE RD, 02215",42.350434,-71.098849,1,rooftop,121,"Bay State Rd",,,Boston,MA,"Suffolk County",02215,US,"City of Boston"
02215,"BOSTON UNIVERSITY TRSTS","141 BAY STATE RD, 02215",42.350502,-71.099771,1,rooftop,141,"Bay State Rd",,,Boston,MA,"Suffolk County",02215,US,"City of Boston"
02215,"BOSTON UNIVERSITY TRSTS","128 BAY STATE RD, 02215",42.350004,-71.099056,1,rooftop,128,"Bay State Rd",,,Boston,MA,"Suffolk County",02215,US,"City of Boston"
02215,"BOSTON UNIVERSITY TRSTS","203 BAY STATE RD, 02215",42.35073,-71.10259,1,rooftop,203,"Bay State Rd",,,Boston,MA,"Suffolk County",02215,US,"City of Boston"
02215,"BOSTON UNIVERSITY TRSTS","517 BEACON ST, 02215",42.35036,-71.090536,1,rooftop,517,"Beacon St",,,Boston,MA,"Suffolk County",02215,US,"City of Boston"
02215,"BOSTON UNIVERSITY TRSTS","22 BABBITT ST, 02215",42.349242,-71.106143,1,rooftop,22,"Babbitt St",,,Boston,MA,"Suffolk County",02215,US,"City of Boston"
02215,"BOSTON UNIVERSITY TRSTS","10 18 BUSWELL ST, 02215",42.347498,-71.105045,0.9,range_interpolation,10,"Buswell St",,,Boston,MA,"Suffolk County",02215,US,"TIGER/Line® dataset from the US Census Bureau"
02215,"BOSTON UNIVERSITY TRSTS","38 BUSWELL ST, 02215",42.34714,-71.10604,1,rooftop,38,"Buswell St",,,Boston,MA,"Suffolk County",02215,US,"City of Boston"
02215,"BOSTON UNIVERSITY TRSTS","110 CUMMINGTON ST, 02215",42.349245,-71.105136,1,range_interpolation,110,"Cummington St",,,Boston,MA,"Suffolk County",02215,US,"TIGER/Line® dataset from the US Census Bureau"
02215,"BOSTON UNIVERSITY TRSTS","52 48 CUMMINGTON ST, 02215",42.348734,-71.103958,1,range_interpolation,48,"Cummington St",,,Boston,MA,"Suffolk County",02215,US,"TIGER/Line® dataset from the US Census Bureau"
02215,"BOSTON UNIVERSITY TRSTS","726 COMMONWEALTH AV, 02215",42.3496,-71.10623,1,rooftop,726,"Commonwealth Ave",,,Boston,MA,"Suffolk County",02215,US,"City of Boston"
02215,"BOSTON UNIVERSITY TRSTS","685 777 COMMONWEALTH AV, 02215",42.350151,-71.104514,1,rooftop,685-777,"Commonwealth Ave",,,Boston,MA,"Suffolk County",02215,US,"City of Boston"
02115,"BOSTON UNIVERSITY TRSTS","785 795 COMMONWEALTH AV, 02115",42.351161,-71.109782,0.8,rooftop,785-795,"Commonwealth Ave",,,Boston,MA,"Suffolk County",02215,US,"City of Boston"
02215,"BOSTON UNIVERSITY TRSTS","728 COMMONWEALTH AV, 02215",42.34962,-71.10644,1,rooftop,728,"Commonwealth Ave",,,Boston,MA,"Suffolk County",02215,US,"City of Boston"
02215,"BOSTON UNIVERSITY TRSTS","728 COMMONWEALTH AV, 02215",42.34962,-71.10644,1,rooftop,728,"Commonwealth Ave",,,Boston,MA,"Suffolk County",02215,US,"City of Boston"
02215,"BOSTON UNIVERSITY TRSTS","18 BABBITT ST, 02215",42.349152,-71.105905,1,rooftop,18,"Babbitt St",,,Boston,MA,"Suffolk County",02215,US,"City of Boston"
02115,"BOSTON UNIVERSITY TRSTS","700 COMMONWEALTH AV, 02115",42.34936,-71.10402,0.8,rooftop,700,"Commonwealth Ave",,,Boston,MA,"Suffolk County",02215,US,"City of Boston"
02215,"BOSTON UNIVERSITY TRSTS","700 COMMONWEALTH AV, 02215",42.34936,-71.10402,1,rooftop,700,"Commonwealth Ave",,,Boston,MA,"Suffolk County",02215,US,"City of Boston"
02215,"BOSTON UNIVERSITY TRSTS","700 COMMONWEALTH AV, 02215",42.34936,-71.10402,1,rooftop,700,"Commonwealth Ave",,,Boston,MA,"Suffolk County",02215,US,"City of Boston"
02215,"BOSTON UNIVERSITY TRSTS","612 COMMONWEALTH AV, 02215",42.348912,-71.100922,1,rooftop,612,"Commonwealth Ave",,,Boston,MA,"Suffolk County",02215,US,"City of Boston"
02115,"BOSTON UNIVERSITY TRSTS","BAY STATE RD, 02115",42.336342,-71.104176,0.67,place,,,,,Boston,MA,"Suffolk County",02115,US,"TIGER/Line® dataset from the US Census Bureau"
02215,"BOSTON UNIVERSITY TRSTS","20 30 HARRY AGGANIS WY, 02215",42.352503,-71.118581,1,rooftop,30,"Harry Agganis Way",,,Boston,MA,"Suffolk County",02215,US,"City of Boston"
02215,"BOSTON UNIVERSITY TRSTS","20 30 HARRY AGGANIS WY, 02215",42.352503,-71.118581,1,rooftop,30,"Harry Agganis Way",,,Boston,MA,"Suffolk County",02215,US,"City of Boston"
02215,"BOSTON UNIVERSITY TRSTS","20 30 HARRY AGGANIS WY, 02215",42.352503,-71.118581,1,rooftop,30,"Harry Agganis Way",,,Boston,MA,"Suffolk County",02215,US,"City of Boston"
02215,"BOSTON UNIVERSITY TRSTS","20 30 HARRY AGGANIS WY, 02215",42.352503,-71.118581,1,rooftop,30,"Harry Agganis Way",,,Boston,MA,"Suffolk County",02215,US,"City of Boston"
02215,"BOSTON UNIVERSITY TRSTS","20 30 HARRY AGGANIS WY, 02215",42.352503,-71.118581,1,rooftop,30,"Harry Agganis Way",,,Boston,MA,"Suffolk County",02215,US,"City of Boston"
02215,"BOSTON UNIVERSITY TRSTS","722 COMMONWEALTH AV, 02215",42.34957,-71.10598,1,rooftop,722,"Commonwealth Ave",,,Boston,MA,"Suffolk County",02215,US,"City of Boston"
02215,"BOSTON UNIVERSITY TRSTS","722 COMMONWEALTH AV, 02215",42.34957,-71.10598,1,rooftop,722,"Commonwealth Ave",,,Boston,MA,"Suffolk County",02215,US,"City of Boston"
02215,"BOSTON UNIVERSITY TRSTS","20 30 HARRY AGGANIS WY, 02215",42.352503,-71.118581,1,rooftop,30,"Harry Agganis Way",,,Boston,MA,"Suffolk County",02215,US,"City of Boston"
02134,"BOSTON UNIVERSITY TRSTS","SOLDIERS FIELD RD, 02134",42.371794,-71.126808,1,street_center,,"Soldiers Field Rd",,,Allston,MA,"Suffolk County",02134,US,"TIGER/Line® dataset from the US Census Bureau"
02118,"BOSTON UNIVERSITY TRSTS OF","635 ALBANY ST, 02118",42.336331,-71.07013,1,rooftop,635,"Albany St",,,Boston,MA,"Suffolk County",02118,US,"City of Boston"
02215,"BOSTON UNIVERSITY TRSTS OF","512 BEACON ST, 02215",42.350856,-71.090283,1,rooftop,512,"Beacon St",,,Boston,MA,"Suffolk County",02215,US,"City of Boston"
02215,"BOSTON UNIVERSITY TRSTS OF","77 BAY STATE RD, 02215",42.35025,-71.09638,1,rooftop,77,"Bay State Rd",,,Boston,MA,"Suffolk County",02215,US,"City of Boston"
02215,"BOSTON UNIVERSITY TRSTS OF","82 BAY STATE RD, 02215",42.34982,-71.09664,1,rooftop,82,"Bay State Rd",,,Boston,MA,"Suffolk County",02215,US,"City of Boston"
02215,"BOSTON UNIVERSITY TRSTS OF","75 BAY STATE RD, 02215",42.35024,-71.09627,1,rooftop,75,"Bay State Rd",,,Boston,MA,"Suffolk County",02215,US,"City of Boston"
02215,"BOSTON UNIVERSITY TRSTS OF","61 BAY STATE RD, 02215",42.3502,-71.09561,1,rooftop,61,"Bay State Rd",,,Boston,MA,"Suffolk County",02215,US,"City of Boston"
02215,"BOSTON UNIVERSITY TRSTS OF","51 BAY STATE RD, 02215",42.350223,-71.095417,1,rooftop,51,"Bay State Rd",,,Boston,MA,"Suffolk County",02215,US,"Office of Geographic Information (MassGIS), Commonwealth of Massachusetts, MassIT"
02215,"BOSTON UNIVERSITY TRSTS OF","59 BAY STATE RD, 02215",42.35019,-71.09552,1,rooftop,59,"Bay State Rd",,,Boston,MA,"Suffolk County",02215,US,"City of Boston"
02215,"BOSTON UNIVERSITY TRSTS OF","76 BAY STATE RD, 02215",42.34981,-71.09639,1,rooftop,76,"Bay State Rd",,,Boston,MA,"Suffolk County",02215,US,"City of Boston"
02215,"BOSTON UNIVERSITY TRSTS OF","19-Nov DEERFIELD ST, 02215",42.347593,-71.102934,0.22,place,,,,,Boston,MA,"Suffolk County",02215,US,"TIGER/Line® dataset from the US Census Bureau"
02115,"BOSTON UNIVERSITY TRSTS OF","11 19 DEERFIELD ST, 02115",42.336342,-71.104176,0.22,place,,,,,Boston,MA,"Suffolk County",02115,US,"TIGER/Line® dataset from the US Census Bureau"
02215,"BOSTON UNIVERSITY TRSTS OF","56 BAY STATE RD, 02215",42.34977,-71.09555,1,rooftop,56,"Bay State Rd",,,Boston,MA,"Suffolk County",02215,US,"City of Boston"
02215,"BOSTON UNIVERSITY TRSTS OF","207 BAY STATE RD, 02215",42.35075,-71.10275,1,rooftop,207,"Bay State Rd",,,Boston,MA,"Suffolk County",02215,US,"City of Boston"
02215,"BOSTON UNIVERSITY TRSTS OF","124 BAY STATE RD, 02215",42.34999,-71.09888,1,rooftop,124,"Bay State Rd",,,Boston,MA,"Suffolk County",02215,US,"City of Boston"
02215,"BOSTON UNIVERSITY TRSTS OF","117 BAY STATE RD, 02215",42.35042,-71.09864,1,rooftop,117,"Bay State Rd",,,Boston,MA,"Suffolk County",02215,US,"City of Boston"
02215,"BOSTON UNIVERSITY TRSTS OF","115 BAY STATE RD, 02215",42.35041,-71.09854,1,rooftop,115,"Bay State Rd",,,Boston,MA,"Suffolk County",02215,US,"City of Boston"
02215,"BOSTON UNIVERSITY TRSTS OF","139 BAY STATE RD, 02215",42.35049,-71.09967,1,rooftop,139,"Bay State Rd",,,Boston,MA,"Suffolk County",02215,US,"City of Boston"
02215,"BOSTON UNIVERSITY TRSTS OF","609 615 COMMONWEALTH AV, 02215",42.349745,-71.100968,1,rooftop,609-615,"Commonwealth Ave",,,Boston,MA,"Suffolk County",02215,US,"City of Boston"
02215,"BOSTON UNIVERSITY TRSTS OF","210 BAY STATE RD, 02215",42.35037,-71.10296,1,rooftop,210,"Bay State Rd",,,Boston,MA,"Suffolk County",02215,US,"City of Boston"
02215,"BOSTON UNIVERSITY TRSTS OF","565 COMMONWEALTH AV, 02215",42.34943,-71.09811,1,rooftop,565,"Commonwealth Ave",,,Boston,MA,"Suffolk County",02215,US,"City of Boston"
02215,"BOSTON UNIVERSITY TRSTS OF","2 SHERBORN ST, 02215",42.349507,-71.100555,1,range_interpolation,2,"Sherborn St",,,Boston,MA,"Suffolk County",02215,US,"TIGER/Line® dataset from the US Census Bureau"
02215,"BOSTON UNIVERSITY TRSTS OF","619 COMMONWEALTH AV, 02215",42.34974,-71.101257,1,rooftop,619,"Commonwealth Ave",,,Boston,MA,"Suffolk County",02215,US,"City of Boston"
02215,"BOSTON UNIVERSITY TRSTS OF","172 BAY STATE RD, 02215",42.35022,-71.10139,1,rooftop,172,"Bay State Rd",,,Boston,MA,"Suffolk County",02215,US,"City of Boston"
02215,"BOSTON UNIVERSITY TRSTS OF","173 BAY STATE RD, 02215",42.35062,-71.10133,1,rooftop,173,"Bay State Rd",,,Boston,MA,"Suffolk County",02215,US,"City of Boston"
02215,"BOSTON UNIVERSITY TRSTS OF","617 COMMONWEALTH AV, 02215",42.34973,-71.101168,1,rooftop,617,"Commonwealth Ave",,,Boston,MA,"Suffolk County",02215,US,"City of Boston"
02215,"BOSTON UNIVERSITY TRSTS OF","209 BAY STATE RD, 02215",42.35075,-71.10284,1,rooftop,209,"Bay State Rd",,,Boston,MA,"Suffolk County",02215,US,"City of Boston"
02215,"BOSTON UNIVERSITY TRSTS OF","621 COMMONWEALTH AV, 02215",42.34975,-71.10134,1,rooftop,621,"Commonwealth Ave",,,Boston,MA,"Suffolk County",02215,US,"City of Boston"
02215,"BOSTON UNIVERSITY TRSTS OF","156 BAY STATE RD, 02215",42.350144,-71.100754,1,rooftop,156,"Bay State Rd",,,Boston,MA,"Suffolk County",02215,US,"City of Boston"
02215,"BOSTON UNIVERSITY TRSTS OF","590 COMMONWEALTH AV, 02215",42.348398,-71.100272,1,rooftop,590,"Commonwealth Ave",,,Boston,MA,"Suffolk County",02215,US,"City of Boston"
02215,"BOSTON UNIVERSITY TRSTS OF","110 BAY STATE RD, 02215",42.34994,-71.09834,1,rooftop,110,"Bay State Rd",,,Boston,MA,"Suffolk County",02215,US,"City of Boston"
02215,"BOSTON UNIVERSITY TRSTS OF","193 BAY STATE RD, 02215",42.3507,-71.10218,1,rooftop,193,"Bay State Rd",,,Boston,MA,"Suffolk County",02215,US,"City of Boston"
02215,"BOSTON UNIVERSITY TRSTS OF","143 BAY STATE RD, 02215",42.350511,-71.099862,1,rooftop,143,"Bay State Rd",,,Boston,MA,"Suffolk County",02215,US,"City of Boston"
02215,"BOSTON UNIVERSITY TRSTS OF","183 BAY STATE RD, 02215",42.35066,-71.10173,1,rooftop,183,"Bay State Rd",,,Boston,MA,"Suffolk County",02215,US,"City of Boston"
02215,"BOSTON UNIVERSITY TRSTS OF","659 665 COMMONWEALTH AV, 02215",42.349904,-71.103045,1,rooftop,665,"Commonwealth Ave",,,Boston,MA,"Suffolk County",02215,US,"Office of Geographic Information (MassGIS), Commonwealth of Massachusetts, MassIT"
02215,"BOSTON UNIVERSITY TRSTS OF","679 677 BEACON ST, 02215",42.348145,-71.098602,1,rooftop,677,"Beacon St",,,Boston,MA,"Suffolk County",02215,US,"Office of Geographic Information (MassGIS), Commonwealth of Massachusetts, MassIT"
02215,"BOSTON UNIVERSITY TRSTS OF","2 BUSWELL ST, 02215",42.34783,-71.10384,1,rooftop,2,"Buswell St",,,Boston,MA,"Suffolk County",02215,US,"City of Boston"
02215,"BOSTON UNIVERSITY TRSTS OF","6 BUSWELL ST, 02215",42.34771,-71.10402,1,rooftop,6,"Buswell St",,,Boston,MA,"Suffolk County",02215,US,"City of Boston"
02215,"BOSTON UNIVERSITY TRSTS OF","830 BEACON ST, 02215",42.34751,-71.1029,1,rooftop,830,"Beacon St",,,Boston,MA,"Suffolk County",02215,US,"City of Boston"
02215,"BOSTON UNIVERSITY TRSTS OF","15 ARUNDEL ST, 02215",42.347813,-71.103837,1,range_interpolation,15,"Arundel St",,,Boston,MA,"Suffolk County",02215,US,"TIGER/Line® dataset from the US Census Bureau"
02215,"BOSTON UNIVERSITY TRSTS OF","848 BEACON ST, 02215",42.34731,-71.10369,1,rooftop,848,"Beacon St",,,Boston,MA,"Suffolk County",02215,US,"City of Boston"
02215,"BOSTON UNIVERSITY TRSTS OF","824 BEACON ST, 02215",42.34758,-71.10267,1,rooftop,824,"Beacon St",,,Boston,MA,"Suffolk County",02215,US,"City of Boston"
02215,"BOSTON UNIVERSITY TRSTS OF","858 BEACON ST, 02215",42.347197,-71.104122,1,rooftop,858,"Beacon St",,,Boston,MA,"Suffolk County",02215,US,"Office of Geographic Information (MassGIS), Commonwealth of Massachusetts, MassIT"
02215,"BOSTON UNIVERSITY TRSTS OF","860 BEACON ST, 02215",42.34717,-71.10416,1,rooftop,860,"Beacon St",,,Boston,MA,"Suffolk County",02215,US,"City of Boston"
02215,"BOSTON UNIVERSITY TRSTS OF","834 836 BEACON ST, 02215",42.34747,-71.10305,1,rooftop,834-836,"Beacon St",,,Boston,MA,"Suffolk County",02215,US,"City of Boston"
02215,"BOSTON UNIVERSITY TRSTS OF","24 BUSWELL ST, 02215",42.34742,-71.10493,1,rooftop,24,"Buswell St",,,Boston,MA,"Suffolk County",02215,US,"City of Boston"
02215,"BOSTON UNIVERSITY TRSTS OF","844 844A BEACON ST, 02215",42.347593,-71.102934,0.22,place,,,,,Boston,MA,"Suffolk County",02215,US,"TIGER/Line® dataset from the US Census Bureau"
02215,"BOSTON UNIVERSITY TRSTS OF","828 BEACON ST, 02215",42.34753,-71.10282,1,rooftop,828,"Beacon St",,,Boston,MA,"Suffolk County",02215,US,"City of Boston"
02215,"BOSTON UNIVERSITY TRSTS OF","850 BEACON ST, 02215",42.34728,-71.10377,1,rooftop,850,"Beacon St",,,Boston,MA,"Suffolk County",02215,US,"City of Boston"
02215,"BOSTON UNIVERSITY TRSTS OF","806 820 BEACON ST, 02215",42.347621,-71.102269,1,rooftop,806-820,"Beacon St",,,Boston,MA,"Suffolk County",02215,US,"City of Boston"
02215,"BOSTON UNIVERSITY TRSTS OF","866 BEACON ST, 02215",42.34711,-71.1044,1,rooftop,866,"Beacon St",,,Boston,MA,"Suffolk County",02215,US,"City of Boston"
02215,"BOSTON UNIVERSITY TRSTS OF","870 BEACON ST, 02215",42.34707,-71.10455,1,rooftop,870,"Beacon St",,,Boston,MA,"Suffolk County",02215,US,"City of Boston"
02215,"BOSTON UNIVERSITY TRSTS OF","90 ST MARYS ST, 02215",42.34689,-71.10693,1,rooftop,90,"St Marys St",,,Boston,MA,"Suffolk County",02215,US,"City of Boston"
02215,"BOSTON UNIVERSITY TRSTS OF","35 BUSWELL ST, 02215",42.34747,-71.10637,1,rooftop,35,"Buswell St",,,Boston,MA,"Suffolk County",02215,US,"City of Boston"
02215,"BOSTON UNIVERSITY TRSTS OF","5 BUSWELL ST, 02215",42.34793,-71.10475,1,rooftop,5,"Buswell St",,,Boston,MA,"Suffolk County",02215,US,"City of Boston"
02215,"BOSTON UNIVERSITY TRSTS OF","39 BUSWELL ST, 02215",42.34743,-71.10652,1,rooftop,39,"Buswell St",,,Boston,MA,"Suffolk County",02215,US,"City of Boston"
02215,"BOSTON UNIVERSITY TRSTS OF","22 BUSWELL ST, 02215",42.34746,-71.1048,1,rooftop,22,"Buswell St",,,Boston,MA,"Suffolk County",02215,US,"City of Boston"
02215,"BOSTON UNIVERSITY TRSTS OF","31 BUSWELL ST, 02215",42.34752,-71.10621,1,rooftop,31,"Buswell St",,,Boston,MA,"Suffolk County",02215,US,"City of Boston"
02215,"BOSTON UNIVERSITY TRSTS OF","3 BUSWELL ST, 02215",42.34795,-71.10467,1,rooftop,3,"Buswell St",,,Boston,MA,"Suffolk County",02215,US,"City of Boston"
02215,"BOSTON UNIVERSITY TRSTS OF","509 PARK DR, 02215",42.34784,-71.10541,1,rooftop,509,"Park Dr",,,Boston,MA,"Suffolk County",02215,US,"City of Boston"
02215,"BOSTON UNIVERSITY TRSTS OF","500 PARK DR, 02215",42.34715,-71.10566,1,rooftop,500,"Park Dr",,,Boston,MA,"Suffolk County",02215,US,"City of Boston"
02215,"BOSTON UNIVERSITY TRSTS OF","47 BUSWELL ST, 02215",42.34735,-71.10683,1,rooftop,47,"Buswell St",,,Boston,MA,"Suffolk County",02215,US,"City of Boston"
02215,"BOSTON UNIVERSITY TRSTS OF","17 BUSWELL ST, 02215",42.34779,-71.10522,1,rooftop,17,"Buswell St",,,Boston,MA,"Suffolk County",02215,US,"City of Boston"
02215,"BOSTON UNIVERSITY TRSTS OF","70 64 CUMMINGTON ST, 02215",42.348791,-71.104196,1,range_interpolation,64,"Cummington St",,,Boston,MA,"Suffolk County",02215,US,"TIGER/Line® dataset from the US Census Bureau"
02215,"BOSTON UNIVERSITY TRSTS OF","852 BEACON ST, 02215",42.34726,-71.10385,1,rooftop,852,"Beacon St",,,Boston,MA,"Suffolk County",02215,US,"City of Boston"
02215,"BOSTON UNIVERSITY TRSTS OF","37 BUSWELL ST, 02215",42.34745,-71.10644,1,rooftop,37,"Buswell St",,,Boston,MA,"Suffolk County",02215,US,"City of Boston"
02215,"BOSTON UNIVERSITY TRSTS OF","1:00 AM BUSWELL ST, 02215",42.347593,-71.102934,0.22,place,,,,,Boston,MA,"Suffolk County",02215,US,"TIGER/Line® dataset from the US Census Bureau"
02215,"BOSTON UNIVERSITY TRSTS OF","708 COMMONWEALTH AV, 02215",42.34954,-71.1054,1,rooftop,708,"Commonwealth Ave",,,Boston,MA,"Suffolk County",02215,US,"City of Boston"
02215,"BOSTON UNIVERSITY TRSTS OF","1 BUSWELL ST, 02215",42.34797,-71.10443,1,rooftop,1,"Buswell St",,,Boston,MA,"Suffolk County",02215,US,"City of Boston"
02215,"BOSTON UNIVERSITY TRSTS OF","864 BEACON ST, 02215",42.34713,-71.10432,1,rooftop,864,"Beacon St",,,Boston,MA,"Suffolk County",02215,US,"City of Boston"
02215,"BOSTON UNIVERSITY TRSTS OF","50 BUSWELL ST, 02215",42.34696,-71.10663,1,rooftop,50,"Buswell St",,,Boston,MA,"Suffolk County",02215,US,"City of Boston"
02215,"BOSTON UNIVERSITY TRSTS OF","76 74 CUMMINGTON ST, 02215",42.348827,-71.104344,1,range_interpolation,74,"Cummington St",,,Boston,MA,"Suffolk County",02215,US,"TIGER/Line® dataset from the US Census Bureau"
02215,"BOSTON UNIVERSITY TRSTS OF","45 BUSWELL ST, 02215",42.34737,-71.10676,1,rooftop,45,"Buswell St",,,Boston,MA,"Suffolk County",02215,US,"City of Boston"
02215,"BOSTON UNIVERSITY TRSTS OF","34 BUSWELL ST, 02215",42.34718,-71.10594,1,rooftop,34,"Buswell St",,,Boston,MA,"Suffolk County",02215,US,"City of Boston"
02215,"BOSTON UNIVERSITY TRSTS OF","704 COMMONWEALTH AV, 02215",42.349523,-71.105271,1,rooftop,704,"Commonwealth Ave",,,Boston,MA,"Suffolk County",02215,US,"City of Boston"
02215,"BOSTON UNIVERSITY TRSTS OF","826 BEACON ST, 02215",42.34756,-71.10274,1,rooftop,826,"Beacon St",,,Boston,MA,"Suffolk County",02215,US,"City of Boston"
02215,"BOSTON UNIVERSITY TRSTS OF","504 PARK DR, 02215",42.34725,-71.10574,1,rooftop,504,"Park Dr",,,Boston,MA,"Suffolk County",02215,US,"City of Boston"
02215,"BOSTON UNIVERSITY TRSTS OF","24 CUMMINGTON ST, 02215",42.348651,-71.103366,1,range_interpolation,24,"Cummington St",,,Boston,MA,"Suffolk County",02215,US,"TIGER/Line® dataset from the US Census Bureau"
02215,"BOSTON UNIVERSITY TRSTS OF","11 BUSWELL ST, 02215",42.34786,-71.10499,1,rooftop,11,"Buswell St",,,Boston,MA,"Suffolk County",02215,US,"City of Boston"
02215,"BOSTON UNIVERSITY TRSTS OF","515 PARK DR, 02215",42.34803,-71.10557,1,rooftop,515,"Park Dr",,,Boston,MA,"Suffolk County",02215,US,"City of Boston"
02215,"BOSTON UNIVERSITY TRSTS OF","29 BUSWELL ST, 02215",42.34754,-71.10613,1,rooftop,29,"Buswell St",,,Boston,MA,"Suffolk County",02215,US,"City of Boston"
02215,"BOSTON UNIVERSITY TRSTS OF","881 COMMONWEALTH AV, 02215",42.35145,-71.11524,1,rooftop,881,"Commonwealth Ave",,,Boston,MA,"Suffolk County",02215,US,"City of Boston"
02215,"BOSTON UNIVERSITY TRSTS OF","7 BUSWELL ST, 02215",42.3479,-71.10483,1,rooftop,7,"Buswell St",,,Boston,MA,"Suffolk County",02215,US,"City of Boston"
02215,"BOSTON UNIVERSITY TRSTS OF","226 BAY STATE RD, 02215",42.350442,-71.103688,1,rooftop,226,"Bay State Rd",,,Boston,MA,"Suffolk County",02215,US,"City of Boston"
02116,"BOSTON UNIVERSITY TRSTS OF","8 HARRY AGGANIS WY, 02116",42.350579,-71.076397,0.09,place,,,,,Boston,MA,"Suffolk County",02116,US,"TIGER/Line® dataset from the US Census Bureau"
02215,"BOSTON UNIVERSITY TRSTS OF","949 COMMONWEALTH AV, 02215",42.351888,-71.118709,1,rooftop,949,"Commonwealth Ave",,,Boston,MA,"Suffolk County",02215,US,"City of Boston"
02215,"BOSTON UNIVERSITY TRSTS OF","983 - 985 COMMONWEALTH AV, 02215",42.35203,-71.12025,1,rooftop,983-985,"Commonwealth Ave",,,Boston,MA,"Suffolk County",02215,US,"City of Boston"
02215,"BOSTON UNIVERSITY TRSTS OF","718 COMMONWEALTH AV, 02215",42.349552,-71.10579,1,rooftop,718,"Commonwealth Ave",,,Boston,MA,"Suffolk County",02215,US,"City of Boston"
02215,"BOSTON UNIVERSITY TRSTS THE","212 BAY STATE RD, 02215",42.35038,-71.10304,1,rooftop,212,"Bay State Rd",,,Boston,MA,"Suffolk County",02215,US,"City of Boston"
02215,"BOSTON UNIVERSITY TRUSTEE OF","122 BAY STATE RD, 02215",42.349984,-71.098793,1,rooftop,122,"Bay State Rd",,,Boston,MA,"Suffolk County",02215,US,"City of Boston"
02215,"BOSTON UNIVERSITY TRUSTEE OF","580 COMMONWEALTH AV, 02215",42.348814,-71.099357,1,rooftop,580,"Commonwealth Ave",,,Boston,MA,"Suffolk County",02215,US,"City of Boston"
02215,"BOSTON UNIVERSITY TRUSTEES","650 BEACON ST, 02215",42.34931,-71.0957,1,rooftop,650,"Beacon St",,,Boston,MA,"Suffolk County",02215,US,"City of Boston"
02215,"BOSTON UNIVERSITY TRUSTEES","650 BEACON ST, 02215",42.34931,-71.0957,1,rooftop,650,"Beacon St",,,Boston,MA,"Suffolk County",02215,US,"City of Boston"
02215,"BOSTON UNIVERSITY TRUSTEES","135 BAY STATE RD, 02215",42.35048,-71.0995,1,rooftop,135,"Bay State Rd",,,Boston,MA,"Suffolk County",02215,US,"City of Boston"
02215,"BOSTON UNIVERSITY TRUSTEES","135 BAY STATE RD, 02215",42.35048,-71.0995,1,rooftop,135,"Bay State Rd",,,Boston,MA,"Suffolk County",02215,US,"City of Boston"
02215,"BOSTON UNIVERSITY TRUSTEES","33 BUSWELL ST, 02215",42.3475,-71.10629,1,rooftop,33,"Buswell St",,,Boston,MA,"Suffolk County",02215,US,"City of Boston"
02215,"BOSTON UNIVERSITY TRUSTEES","33 BUSWELL ST, 02215",42.3475,-71.10629,1,rooftop,33,"Buswell St",,,Boston,MA,"Suffolk County",02215,US,"City of Boston"
02215,"BOSTON UNIVERSITY TS OF","112 BAY STATE RD, 02215",42.34994,-71.09842,1,rooftop,112,"Bay State Rd",,,Boston,MA,"Suffolk County",02215,US,"City of Boston"
02215,"BOSTON UNIVERSITY TS OF","133 BAY STATE RD, 02215",42.35047,-71.09941,1,rooftop,133,"Bay State Rd",,,Boston,MA,"Suffolk County",02215,US,"City of Boston"
02215,"BOSTON UNIVERSITY TS OF","171 BAY STATE RD, 02215",42.35061,-71.10124,1,rooftop,171,"Bay State Rd",,,Boston,MA,"Suffolk County",02215,US,"City of Boston"
02115,"EMMANUEL COLLEGE TRUSTEES","300 BROOKLINE AV, 02115",42.34103,-71.10441,1,rooftop,300,"Brookline Ave",,,Boston,MA,"Suffolk County",02115,US,"City of Boston"
02115,"EMMANUEL COLLEGE TRUSTEES","264 -274 BROOKLINE AV, 02115",42.336342,-71.104176,0.22,place,,,,,Boston,MA,"Suffolk County",02115,US,"TIGER/Line® dataset from the US Census Bureau"
02115,"EMMANUEL COLLEGE TRUSTEES","264 -274 BROOKLINE AV, 02115",42.336342,-71.104176,0.22,place,,,,,Boston,MA,"Suffolk County",02115,US,"TIGER/Line® dataset from the US Census Bureau"
02115,"EMMANUEL COLLEGE TRUSTEES","264 -274 BROOKLINE AV, 02115",42.336342,-71.104176,0.22,place,,,,,Boston,MA,"Suffolk County",02115,US,"TIGER/Line® dataset from the US Census Bureau"
02115,"EMMANUEL COLLEGE TRUSTEES","264 -274 BROOKLINE AV, 02115",42.336342,-71.104176,0.22,place,,,,,Boston,MA,"Suffolk County",02115,US,"TIGER/Line® dataset from the US Census Bureau"
02115,"EMMANUEL COLLEGE TRUSTEES","264 -274 BROOKLINE AV, 02115",42.336342,-71.104176,0.22,place,,,,,Boston,MA,"Suffolk County",02115,US,"TIGER/Line® dataset from the US Census Bureau"
02115,"EMMANUEL COLLEGE TRUSTEES","264 -274 BROOKLINE AV, 02115",42.336342,-71.104176,0.22,place,,,,,Boston,MA,"Suffolk County",02115,US,"TIGER/Line® dataset from the US Census Bureau"
02115,"EMMANUEL COLLEGE TRUSTEES","264 -274 BROOKLINE AV, 02115",42.336342,-71.104176,0.22,place,,,,,Boston,MA,"Suffolk County",02115,US,"TIGER/Line® dataset from the US Census Bureau"
02115,"EMMANUEL COLLEGE TRUSTEES","45 AVENUE LOUIS PASTEUR, 02115",42.339352,-71.103021,1,rooftop,45,"Ave Louis Pasteur",,,Boston,MA,"Suffolk County",02115,US,"Office of Geographic Information (MassGIS), Commonwealth of Massachusetts, MassIT"
02116,"FISHER COLLEGE","11 ARLINGTON ST, 02116",42.35425,-71.07217,1,rooftop,11,"Arlington St",,,Boston,MA,"Suffolk County",02116,US,"City of Boston"
02116,"FISHER COLLEGE","139 BEACON ST, 02116",42.3547,-71.07419,1,rooftop,139,"Beacon St",,,Boston,MA,"Suffolk County",02116,US,"City of Boston"
02116,"FISHER COLLEGE","141 BEACON ST, 02116",42.35469,-71.07427,1,rooftop,141,"Beacon St",,,Boston,MA,"Suffolk County",02116,US,"City of Boston"
02116,"FISHER COLLEGE","115 BEACON ST, 02116",42.35494,-71.07332,1,rooftop,115,"Beacon St",,,Boston,MA,"Suffolk County",02116,US,"City of Boston"
02116,"FISHER COLLEGE","1 ARLINGTON ST, 02116",42.35519,-71.07261,1,rooftop,1,"Arlington St",,,Boston,MA,"Suffolk County",02116,US,"City of Boston"
02116,"FISHER COLLEGE","10 ARLINGTON ST, 02116",42.354322,-71.072199,1,rooftop,10,"Arlington St",,,Boston,MA,"Suffolk County",02116,US,"City of Boston"
02114,"FITZSIMMONS DOUGLAS O","145 PINCKNEY ST Apt 629, 02114",42.35895,-71.07166,1,rooftop,145,"Pinckney St",Apt,629,Boston,MA,"Suffolk County",02114,US,"City of Boston"
02114,"FITZSIMMONS DOUGLAS O","145 PINCKNEY ST Apt 634, 02114",42.35895,-71.07166,1,rooftop,145,"Pinckney St",Apt,634,Boston,MA,"Suffolk County",02114,US,"City of Boston"
02114,"FITZSIMMONS DOUGLAS O","145 PINCKNEY ST Apt 635, 02114",42.35895,-71.07166,1,rooftop,145,"Pinckney St",Apt,635,Boston,MA,"Suffolk County",02114,US,"City of Boston"
02132,"FITZSIMMONS GEORGE J","43 PARAGON RD, 02132",42.26948,-71.16407,1,rooftop,43,"Paragon Rd",,,"West Roxbury",MA,"Suffolk County",02132,US,"City of Boston"
02136,"FITZSIMMONS LEO V","62 STONEHILL RD, 02136",42.25409,-71.1413,1,rooftop,62,"Stonehill Rd",,,"Hyde Park",MA,"Suffolk County",02136,US,"City of Boston"
02131,"FITZSIMMONS PAULA M","1590 1592 CENTRE ST, 02131",42.28877,-71.14244,1,rooftop,1590-1592,"Centre St",,,Roslindale,MA,"Suffolk County",02131,US,"City of Boston"
02131,"FITZSIMMONS RITA M","22 GILMAN ST, 02131",42.27883,-71.11485,1,rooftop,22,"Gilman St",,,Roslindale,MA,"Suffolk County",02131,US,"City of Boston"
02115,"MCPHS UNIVERSITY","179 LONGWOOD AV, 02115",42.33688,-71.10112,1,rooftop,179,"Longwood Ave",,,Boston,MA,"Suffolk County",02115,US,"City of Boston"
02115,"MCPHS UNIVERSITY","179 LONGWOOD AV, 02115",42.33688,-71.10112,1,rooftop,179,"Longwood Ave",,,Boston,MA,"Suffolk County",02115,US,"City of Boston"
02115,"MCPHS UNIVERSITY","179 LONGWOOD AV, 02115",42.33688,-71.10112,1,rooftop,179,"Longwood Ave",,,Boston,MA,"Suffolk County",02115,US,"City of Boston"
02116,"NEW ENGLAND SCHOOL OF LAW","56 48 CHARLES STREET SOUTH  , 02116",42.350726,-71.066522,1,rooftop,48,"Charles St S",,,Boston,MA,"Suffolk County",02116,US,"Office of Geographic Information (MassGIS), Commonwealth of Massachusetts, MassIT"
02116,"NEW ENGLAND SCHOOL OF LAW","94 102 WARRENTON ST, 02116",42.350663,-71.06624,1,rooftop,94-102,"Warrenton St",,,Boston,MA,"Suffolk County",02116,US,"City of Boston"
02116,"NEW ENGLAND SCHOOL OF LAW","38 34 WINCHESTER ST, 02116",42.349443,-71.068555,1,rooftop,34,"Winchester St",,,Boston,MA,"Suffolk County",02116,US,"Office of Geographic Information (MassGIS), Commonwealth of Massachusetts, MassIT"
02115,"NORTHEASTERN UNIVERSITY","17 23 FORSYTH ST, 02115",42.340107,-71.091002,1,rooftop,17-23,"Forsyth St",,,Boston,MA,"Suffolk County",02115,US,"City of Boston"
02120,"NORTHEASTERN UNIVERSITY","COLUMBUS AV, 02120",42.337123,-71.086277,1,street_center,,"Columbus Ave",,,Boston,MA,"Suffolk County",02120,US,"TIGER/Line® dataset from the US Census Bureau"
02118,"NORTHEASTERN UNIVERSITY","775 COLUMBUS AV, 02118",42.336702,-71.087505,1,range_interpolation,775,"Columbus Ave",,,Boston,MA,"Suffolk County",02118,US,"TIGER/Line® dataset from the US Census Bureau"
02120,"NORTHEASTERN UNIVERSITY","1155 TREMONT ST, 02120",42.335363,-71.088952,1,rooftop,1155,"Tremont St",,,"Roxbury Crossing",MA,"Suffolk County",02120,US,"City of Boston"
02120,"NORTHEASTERN UNIVERSITY","ST CYPRIANS PL, 02120",42.336477,-71.086935,1,street_center,,"St Cyprians Pl",,,Boston,MA,"Suffolk County",02120,US,"TIGER/Line® dataset from the US Census Bureau"
02120,"NORTHEASTERN UNIVERSITY","1175 TREMONT ST, 02120",42.334988,-71.088964,1,rooftop,1175,"Tremont St",,,"Roxbury Crossing",MA,"Suffolk County",02120,US,"City of Boston"
02120,"NORTHEASTERN UNIVERSITY","788 COLUMBUS AV, 02120",42.336779,-71.086794,1,rooftop,788,"Columbus Ave",,,"Roxbury Crossing",MA,"Suffolk County",02120,US,"Office of Geographic Information (MassGIS), Commonwealth of Massachusetts, MassIT"
02120,"NORTHEASTERN UNIVERSITY","764 768B COLUMBUS AV, 02120",42.332484,-71.096416,0.22,place,,,,,Boston,MA,"Suffolk County",02120,US,"TIGER/Line® dataset from the US Census Bureau"
02120,"NORTHEASTERN UNIVERSITY","COLUMBUS AV, 02120",42.337123,-71.086277,1,street_center,,"Columbus Ave",,,Boston,MA,"Suffolk County",02120,US,"TIGER/Line® dataset from the US Census Bureau"
02120,"NORTHEASTERN UNIVERSITY","18 BURKE ST, 02120",42.336915,-71.08507,1,range_interpolation,18,"Burke St",,,"Roxbury Crossing",MA,"Suffolk County",02120,US,"TIGER/Line® dataset from the US Census Bureau"
02120,"NORTHEASTERN UNIVERSITY","10 COVENTRY ST, 02120",42.33679,-71.08579,1,rooftop,10,"Coventry St",,,"Roxbury Crossing",MA,"Suffolk County",02120,US,"City of Boston"
02120,"NORTHEASTERN UNIVERSITY","15 COVENTRY ST, 02120",42.336779,-71.085346,1,range_interpolation,15,"Coventry St",,,"Roxbury Crossing",MA,"Suffolk County",02120,US,"TIGER/Line® dataset from the US Census Bureau"
02120,"NORTHEASTERN UNIVERSITY","16 BURKE ST, 02120",42.336897,-71.085056,1,range_interpolation,16,"Burke St",,,"Roxbury Crossing",MA,"Suffolk County",02120,US,"TIGER/Line® dataset from the US Census Bureau"
02120,"NORTHEASTERN UNIVERSITY","BURKE ST, 02120",42.337181,-71.08527,1,street_center,,"Burke St",,,Boston,MA,"Suffolk County",02120,US,"TIGER/Line® dataset from the US Census Bureau"
02120,"NORTHEASTERN UNIVERSITY","COVENTRY ST, 02120",42.336758,-71.085702,1,street_center,,"Coventry St",,,Boston,MA,"Suffolk County",02120,US,"TIGER/Line® dataset from the US Census Bureau"
02120,"NORTHEASTERN UNIVERSITY","COVENTRY ST, 02120",42.336758,-71.085702,1,street_center,,"Coventry St",,,Boston,MA,"Suffolk County",02120,US,"TIGER/Line® dataset from the US Census Bureau"
02120,"NORTHEASTERN UNIVERSITY","BURKE ST, 02120",42.337181,-71.08527,1,street_center,,"Burke St",,,Boston,MA,"Suffolk County",02120,US,"TIGER/Line® dataset from the US Census Bureau"
02120,"NORTHEASTERN UNIVERSITY","724 COLUMBUS AV, 02120",42.337767,-71.085236,1,range_interpolation,724,"Columbus Ave",,,"Roxbury Crossing",MA,"Suffolk County",02120,US,"TIGER/Line® dataset from the US Census Bureau"
02120,"NORTHEASTERN UNIVERSITY","COLUMBUS AV, 02120",42.337123,-71.086277,1,street_center,,"Columbus Ave",,,Boston,MA,"Suffolk County",02120,US,"TIGER/Line® dataset from the US Census Bureau"
02120,"NORTHEASTERN UNIVERSITY","1125 -1135 TREMONT ST, 02120",42.332484,-71.096416,0.22,place,,,,,Boston,MA,"Suffolk County",02120,US,"TIGER/Line® dataset from the US Census Bureau"
02120,"NORTHEASTERN UNIVERSITY","1115 TREMONT ST, 02120",42.335655,-71.087509,1,rooftop,1115,"Tremont St",,,"Roxbury Crossing",MA,"Suffolk County",02120,US,"Office of Geographic Information (MassGIS), Commonwealth of Massachusetts, MassIT"
02130,"NORTHEASTERN UNIVERSITY","76 ATHERTON ST, 02130",42.31803,-71.10198,1,rooftop,76,"Atherton St",,,"Jamaica Plain",MA,"Suffolk County",02130,US,"City of Boston"
02115,"NORTHEASTERN UNIVERSITY","226 HEMENWAY ST, 02115",42.340025,-71.091454,1,range_interpolation,226,"Hemenway St",,,Boston,MA,"Suffolk County",02115,US,"TIGER/Line® dataset from the US Census Bureau"
02115,"NORTHEASTERN UNIVERSITY","HEMENWAY ST, 02115",42.342757,-71.09012,1,street_center,,"Hemenway St",,,Boston,MA,"Suffolk County",02115,US,"TIGER/Line® dataset from the US Census Bureau"
02115,"NORTHEASTERN UNIVERSITY","464 HUNTINGTON AV, 02115",42.33833,-71.09338,1,rooftop,464,"Huntington Ave",,,Boston,MA,"Suffolk County",02115,US,"City of Boston"
02115,"NORTHEASTERN UNIVERSITY","450 -510 PARKER ST, 02115",42.336342,-71.104176,0.22,place,,,,,Boston,MA,"Suffolk County",02115,US,"TIGER/Line® dataset from the US Census Bureau"
02115,"NORTHEASTERN UNIVERSITY","450 -510 PARKER ST, 02115",42.336342,-71.104176,0.22,place,,,,,Boston,MA,"Suffolk County",02115,US,"TIGER/Line® dataset from the US Census Bureau"
02115,"NORTHEASTERN UNIVERSITY","450 -510 PARKER ST, 02115",42.336342,-71.104176,0.22,place,,,,,Boston,MA,"Suffolk County",02115,US,"TIGER/Line® dataset from the US Census Bureau"
02115,"NORTHEASTERN UNIVERSITY","450 -510 PARKER ST, 02115",42.336342,-71.104176,0.22,place,,,,,Boston,MA,"Suffolk County",02115,US,"TIGER/Line® dataset from the US Census Bureau"
02115,"NORTHEASTERN UNIVERSITY","105 -157 FORSYTH ST, 02115",42.336342,-71.104176,0.22,place,,,,,Boston,MA,"Suffolk County",02115,US,"TIGER/Line® dataset from the US Census Bureau"
02115,"NORTHEASTERN UNIVERSITY","105 -157 FORSYTH ST, 02115",42.336342,-71.104176,0.22,place,,,,,Boston,MA,"Suffolk County",02115,US,"TIGER/Line® dataset from the US Census Bureau"
02115,"NORTHEASTERN UNIVERSITY","105 -157 FORSYTH ST, 02115",42.336342,-71.104176,0.22,place,,,,,Boston,MA,"Suffolk County",02115,US,"TIGER/Line® dataset from the US Census Bureau"
02115,"NORTHEASTERN UNIVERSITY","105 -157 FORSYTH ST, 02115",42.336342,-71.104176,0.22,place,,,,,Boston,MA,"Suffolk County",02115,US,"TIGER/Line® dataset from the US Census Bureau"
02115,"NORTHEASTERN UNIVERSITY","105 -157 FORSYTH ST, 02115",42.336342,-71.104176,0.22,place,,,,,Boston,MA,"Suffolk County",02115,US,"TIGER/Line® dataset from the US Census Bureau"
02115,"NORTHEASTERN UNIVERSITY","105 -157 FORSYTH ST, 02115",42.336342,-71.104176,0.22,place,,,,,Boston,MA,"Suffolk County",02115,US,"TIGER/Line® dataset from the US Census Bureau"
02115,"NORTHEASTERN UNIVERSITY","450 -510 PARKER ST, 02115",42.336342,-71.104176,0.22,place,,,,,Boston,MA,"Suffolk County",02115,US,"TIGER/Line® dataset from the US Census Bureau"
02115,"NORTHEASTERN UNIVERSITY","450 -510 PARKER ST, 02115",42.336342,-71.104176,0.22,place,,,,,Boston,MA,"Suffolk County",02115,US,"TIGER/Line® dataset from the US Census Bureau"
02115,"NORTHEASTERN UNIVERSITY","450 -510 PARKER ST, 02115",42.336342,-71.104176,0.22,place,,,,,Boston,MA,"Suffolk County",02115,US,"TIGER/Line® dataset from the US Census Bureau"
02115,"NORTHEASTERN UNIVERSITY","450 -510 PARKER ST, 02115",42.336342,-71.104176,0.22,place,,,,,Boston,MA,"Suffolk County",02115,US,"TIGER/Line® dataset from the US Census Bureau"
02115,"NORTHEASTERN UNIVERSITY","148 HEMENWAY ST, 02115",42.34183,-71.09036,1,rooftop,148,"Hemenway St",,,Boston,MA,"Suffolk County",02115,US,"City of Boston"
02115,"NORTHEASTERN UNIVERSITY","144 HEMENWAY ST, 02115",42.34199,-71.09027,1,rooftop,144,"Hemenway St",,,Boston,MA,"Suffolk County",02115,US,"City of Boston"
02115,"NORTHEASTERN UNIVERSITY","416 HUNTINGTON AV, 02115",42.339198,-71.090864,1,rooftop,416,"Huntington Ave",,,Boston,MA,"Suffolk County",02115,US,"City of Boston"
02115,"NORTHEASTERN UNIVERSITY","142 HEMENWAY ST, 02115",42.34206,-71.09022,1,rooftop,142,"Hemenway St",,,Boston,MA,"Suffolk County",02115,US,"City of Boston"
02115,"NORTHEASTERN UNIVERSITY","10 FORSYTH ST, 02115",42.34122,-71.09035,1,rooftop,10,"Forsyth St",,,Boston,MA,"Suffolk County",02115,US,"City of Boston"
02115,"NORTHEASTERN UNIVERSITY","146 HEMENWAY ST, 02115",42.3419,-71.09033,1,rooftop,146,"Hemenway St",,,Boston,MA,"Suffolk County",02115,US,"City of Boston"
02115,"NORTHEASTERN UNIVERSITY","416 HUNTINGTON AV, 02115",42.339198,-71.090864,1,rooftop,416,"Huntington Ave",,,Boston,MA,"Suffolk County",02115,US,"City of Boston"
02115,"NORTHEASTERN UNIVERSITY","416 HUNTINGTON AV, 02115",42.339198,-71.090864,1,rooftop,416,"Huntington Ave",,,Boston,MA,"Suffolk County",02115,US,"City of Boston"
02115,"NORTHEASTERN UNIVERSITY","416 HUNTINGTON AV, 02115",42.339198,-71.090864,1,rooftop,416,"Huntington Ave",,,Boston,MA,"Suffolk County",02115,US,"City of Boston"
02115,"NORTHEASTERN UNIVERSITY","416 HUNTINGTON AV, 02115",42.339198,-71.090864,1,rooftop,416,"Huntington Ave",,,Boston,MA,"Suffolk County",02115,US,"City of Boston"
02115,"NORTHEASTERN UNIVERSITY","FORSYTH ST, 02115",42.340441,-71.091003,1,street_center,,"Forsyth St",,,Boston,MA,"Suffolk County",02115,US,"TIGER/Line® dataset from the US Census Bureau"
02115,"NORTHEASTERN UNIVERSITY","341 345 HUNTINGTON AV, 02115",42.340663,-71.08939,1,rooftop,341-345,"Huntington Ave",,,Boston,MA,"Suffolk County",02115,US,"City of Boston"
02115,"NORTHEASTERN UNIVERSITY","454 460 HUNTINGTON AV, 02115",42.338474,-71.092998,1,rooftop,454-460,"Huntington Ave",,,Boston,MA,"Suffolk County",02115,US,"City of Boston"
02115,"NORTHEASTERN UNIVERSITY","450 -510 PARKER ST, 02115",42.336342,-71.104176,0.22,place,,,,,Boston,MA,"Suffolk County",02115,US,"TIGER/Line® dataset from the US Census Bureau"
02115,"NORTHEASTERN UNIVERSITY","238 262 ST BOTOLPH ST, 02115",42.336342,-71.104176,0.22,place,,,,,Boston,MA,"Suffolk County",02115,US,"TIGER/Line® dataset from the US Census Bureau"
02115,"NORTHEASTERN UNIVERSITY","360 -402 HUNTINGTON AV, 02115",42.336342,-71.104176,0.22,place,,,,,Boston,MA,"Suffolk County",02115,US,"TIGER/Line® dataset from the US Census Bureau"
02115,"NORTHEASTERN UNIVERSITY","360 -402 HUNTINGTON AV, 02115",42.336342,-71.104176,0.22,place,,,,,Boston,MA,"Suffolk County",02115,US,"TIGER/Line® dataset from the US Census Bureau"
02115,"NORTHEASTERN UNIVERSITY","360 -402 HUNTINGTON AV, 02115",42.336342,-71.104176,0.22,place,,,,,Boston,MA,"Suffolk County",02115,US,"TIGER/Line® dataset from the US Census Bureau"
02115,"NORTHEASTERN UNIVERSITY","360 -402 HUNTINGTON AV, 02115",42.336342,-71.104176,0.22,place,,,,,Boston,MA,"Suffolk County",02115,US,"TIGER/Line® dataset from the US Census Bureau"
02115,"NORTHEASTERN UNIVERSITY","360 -402 HUNTINGTON AV, 02115",42.336342,-71.104176,0.22,place,,,,,Boston,MA,"Suffolk County",02115,US,"TIGER/Line® dataset from the US Census Bureau"
02115,"NORTHEASTERN UNIVERSITY","360 -402 HUNTINGTON AV, 02115",42.336342,-71.104176,0.22,place,,,,,Boston,MA,"Suffolk County",02115,US,"TIGER/Line® dataset from the US Census Bureau"
02115,"NORTHEASTERN UNIVERSITY","360 -402 HUNTINGTON AV, 02115",42.336342,-71.104176,0.22,place,,,,,Boston,MA,"Suffolk County",02115,US,"TIGER/Line® dataset from the US Census Bureau"
02115,"NORTHEASTERN UNIVERSITY","360 -402 HUNTINGTON AV, 02115",42.336342,-71.104176,0.22,place,,,,,Boston,MA,"Suffolk County",02115,US,"TIGER/Line® dataset from the US Census Bureau"
02115,"NORTHEASTERN UNIVERSITY","360 -402 HUNTINGTON AV, 02115",42.336342,-71.104176,0.22,place,,,,,Boston,MA,"Suffolk County",02115,US,"TIGER/Line® dataset from the US Census Bureau"
02115,"NORTHEASTERN UNIVERSITY","360 -402 HUNTINGTON AV, 02115",42.336342,-71.104176,0.22,place,,,,,Boston,MA,"Suffolk County",02115,US,"TIGER/Line® dataset from the US Census Bureau"
02115,"NORTHEASTERN UNIVERSITY","360 -402 HUNTINGTON AV, 02115",42.336342,-71.104176,0.22,place,,,,,Boston,MA,"Suffolk County",02115,US,"TIGER/Line® dataset from the US Census Bureau"
02115,"NORTHEASTERN UNIVERSITY","360 -402 HUNTINGTON AV, 02115",42.336342,-71.104176,0.22,place,,,,,Boston,MA,"Suffolk County",02115,US,"TIGER/Line® dataset from the US Census Bureau"
02115,"NORTHEASTERN UNIVERSITY","360 -402 HUNTINGTON AV, 02115",42.336342,-71.104176,0.22,place,,,,,Boston,MA,"Suffolk County",02115,US,"TIGER/Line® dataset from the US Census Bureau"
02115,"NORTHEASTERN UNIVERSITY","360 -402 HUNTINGTON AV, 02115",42.336342,-71.104176,0.22,place,,,,,Boston,MA,"Suffolk County",02115,US,"TIGER/Line® dataset from the US Census Bureau"
02115,"NORTHEASTERN UNIVERSITY","360 -402 HUNTINGTON AV, 02115",42.336342,-71.104176,0.22,place,,,,,Boston,MA,"Suffolk County",02115,US,"TIGER/Line® dataset from the US Census Bureau"
02115,"NORTHEASTERN UNIVERSITY","FORSYTH ST, 02115",42.340441,-71.091003,1,street_center,,"Forsyth St",,,Boston,MA,"Suffolk County",02115,US,"TIGER/Line® dataset from the US Census Bureau"
02115,"NORTHEASTERN UNIVERSITY","320 HUNTINGTON AV, 02115",42.340677,-71.087279,1,rooftop,320,"Huntington Ave",,,Boston,MA,"Suffolk County",02115,US,"City of Boston"
02115,"NORTHEASTERN UNIVERSITY","360 -402 HUNTINGTON AV, 02115",42.336342,-71.104176,0.22,place,,,,,Boston,MA,"Suffolk County",02115,US,"TIGER/Line® dataset from the US Census Bureau"
02115,"NORTHEASTERN UNIVERSITY","360 -402 HUNTINGTON AV, 02115",42.336342,-71.104176,0.22,place,,,,,Boston,MA,"Suffolk County",02115,US,"TIGER/Line® dataset from the US Census Bureau"
02115,"NORTHEASTERN UNIVERSITY","ST BOTOLPH ST, 02115",42.342293,-71.084107,1,street_center,,"St Botolph St",,,Boston,MA,"Suffolk County",02115,US,"TIGER/Line® dataset from the US Census Bureau"
02115,"NORTHEASTERN UNIVERSITY","GAINSBOROUGH ST, 02115",42.342302,-71.08755,1,street_center,,"Gainsborough St",,,Boston,MA,"Suffolk County",02115,US,"TIGER/Line® dataset from the US Census Bureau"
02115,"NORTHEASTERN UNIVERSITY","GAINSBOROUGH ST, 02115",42.342302,-71.08755,1,street_center,,"Gainsborough St",,,Boston,MA,"Suffolk County",02115,US,"TIGER/Line® dataset from the US Census Bureau"
02115,"NORTHEASTERN UNIVERSITY","10 GAINSBOROUGH ST, 02115",42.34043,-71.08572,1,rooftop,10,"Gainsborough St",,,Boston,MA,"Suffolk County",02115,US,"City of Boston"
02115,"NORTHEASTERN UNIVERSITY","GAINSBOROUGH ST, 02115",42.342302,-71.08755,1,street_center,,"Gainsborough St",,,Boston,MA,"Suffolk County",02115,US,"TIGER/Line® dataset from the US Census Bureau"
02115,"NORTHEASTERN UNIVERSITY","GAINSBOROUGH ST, 02115",42.342302,-71.08755,1,street_center,,"Gainsborough St",,,Boston,MA,"Suffolk County",02115,US,"TIGER/Line® dataset from the US Census Bureau"
02115,"NORTHEASTERN UNIVERSITY","GAINSBOROUGH ST, 02115",42.342302,-71.08755,1,street_center,,"Gainsborough St",,,Boston,MA,"Suffolk County",02115,US,"TIGER/Line® dataset from the US Census Bureau"
02115,"NORTHEASTERN UNIVERSITY","ST BOTOLPH ST, 02115",42.342293,-71.084107,1,street_center,,"St Botolph St",,,Boston,MA,"Suffolk County",02115,US,"TIGER/Line® dataset from the US Census Bureau"
02115,"NORTHEASTERN UNIVERSITY","GAINSBOROUGH ST, 02115",42.342302,-71.08755,1,street_center,,"Gainsborough St",,,Boston,MA,"Suffolk County",02115,US,"TIGER/Line® dataset from the US Census Bureau"
02115,"NORTHEASTERN UNIVERSITY","450 -510 PARKER ST, 02115",42.336342,-71.104176,0.22,place,,,,,Boston,MA,"Suffolk County",02115,US,"TIGER/Line® dataset from the US Census Bureau"
02115,"NORTHEASTERN UNIVERSITY","GAINSBOROUGH ST, 02115",42.342302,-71.08755,1,street_center,,"Gainsborough St",,,Boston,MA,"Suffolk County",02115,US,"TIGER/Line® dataset from the US Census Bureau"
02115,"NORTHEASTERN UNIVERSITY","HEMENWAY ST, 02115",42.342757,-71.09012,1,street_center,,"Hemenway St",,,Boston,MA,"Suffolk County",02115,US,"TIGER/Line® dataset from the US Census Bureau"
02115,"NORTHEASTERN UNIVERSITY","266 ST BOTOLPH ST, 02115",42.34098,-71.085304,1,range_interpolation,266,"St Botolph St",,,Boston,MA,"Suffolk County",02115,US,"TIGER/Line® dataset from the US Census Bureau"
02115,"NORTHEASTERN UNIVERSITY","GAINSBOROUGH ST, 02115",42.342302,-71.08755,1,street_center,,"Gainsborough St",,,Boston,MA,"Suffolk County",02115,US,"TIGER/Line® dataset from the US Census Bureau"
02115,"NORTHEASTERN UNIVERSITY","81 83 ST STEPHEN ST, 02115",42.336342,-71.104176,0.22,place,,,,,Boston,MA,"Suffolk County",02115,US,"TIGER/Line® dataset from the US Census Bureau"
02115,"NORTHEASTERN UNIVERSITY","ST STEPHEN ST, 02115",42.341834,-71.087765,1,street_center,,"St Stephen St",,,Boston,MA,"Suffolk County",02115,US,"TIGER/Line® dataset from the US Census Bureau"
02115,"NORTHEASTERN UNIVERSITY","264 ST BOTOLPH ST, 02115",42.34103,-71.085261,1,range_interpolation,264,"St Botolph St",,,Boston,MA,"Suffolk County",02115,US,"TIGER/Line® dataset from the US Census Bureau"
02115,"NORTHEASTERN UNIVERSITY","341 345 HUNTINGTON AV, 02115",42.340663,-71.08939,1,rooftop,341-345,"Huntington Ave",,,Boston,MA,"Suffolk County",02115,US,"City of Boston"
02115,"NORTHEASTERN UNIVERSITY","77 ST STEPHEN ST, 02115",42.342039,-71.087852,1,rooftop,77,"St Stephen St",,,Boston,MA,"Suffolk County",02115,US,"City of Boston"
02115,"NORTHEASTERN UNIVERSITY","ST STEPHEN ST, 02115",42.341834,-71.087765,1,street_center,,"St Stephen St",,,Boston,MA,"Suffolk County",02115,US,"TIGER/Line® dataset from the US Census Bureau"
02115,"NORTHEASTERN UNIVERSITY","341 HUNTINGTON AV, 02115",42.340663,-71.08939,1,rooftop,341,"Huntington Ave",,,Boston,MA,"Suffolk County",02115,US,"City of Boston"
02115,"NORTHEASTERN UNIVERSITY","102 104 FENWAY ST, 02115",42.3417,-71.09138,1,rooftop,102-104,Fenway,,,Boston,MA,"Suffolk County",02115,US,"City of Boston"
02115,"NORTHEASTERN UNIVERSITY","109 HEMENWAY ST, 02115",42.34315,-71.09038,1,rooftop,109,"Hemenway St",,,Boston,MA,"Suffolk County",02115,US,"City of Boston"
02115,"NORTHEASTERN UNIVERSITY","FENWAY ST, 02115",42.341826,-71.091604,1,street_center,,Fenway,,,Boston,MA,"Suffolk County",02115,US,"TIGER/Line® dataset from the US Census Bureau"
02115,"NORTHEASTERN UNIVERSITY","90 FENWAY ST, 02115",42.34211,-71.09116,1,rooftop,90,Fenway,,,Boston,MA,"Suffolk County",02115,US,"City of Boston"
02115,"NORTHEASTERN UNIVERSITY","407 407 HUNTINGTON AV, 02115",42.339586,-71.091488,1,rooftop,407,"Huntington Ave",,,Boston,MA,"Suffolk County",02115,US,"City of Boston"
02115,"NORTHEASTERN UNIVERSITY","220 FENWAY ST, 02115",42.339573,-71.094202,1,rooftop,220,Fenway,,,Boston,MA,"Suffolk County",02115,US,"City of Boston"
02115,"NORTHEASTERN UNIVERSITY","96 FENWAY ST, 02115",42.34185,-71.09126,1,rooftop,96,Fenway,,,Boston,MA,"Suffolk County",02115,US,"City of Boston"
02115,"NORTHEASTERN UNIVERSITY","224 HEMENWAY ST, 02115",42.3401,-71.09142,1,range_interpolation,224,"Hemenway St",,,Boston,MA,"Suffolk County",02115,US,"TIGER/Line® dataset from the US Census Bureau"
02115,"NORTHEASTERN UNIVERSITY","FENWAY ST, 02115",42.341826,-71.091604,1,street_center,,Fenway,,,Boston,MA,"Suffolk County",02115,US,"TIGER/Line® dataset from the US Census Bureau"
02115,"NORTHEASTERN UNIVERSITY","110 FENWAY ST, 02115",42.34145,-71.09153,1,rooftop,110,Fenway,,,Boston,MA,"Suffolk County",02115,US,"City of Boston"
02115,"NORTHEASTERN UNIVERSITY","222 HEMENWAY ST, 02115",42.340175,-71.091385,1,range_interpolation,222,"Hemenway St",,,Boston,MA,"Suffolk County",02115,US,"TIGER/Line® dataset from the US Census Bureau"
02115,"NORTHEASTERN UNIVERSITY","FENCOURT ST, 02115",42.339841,-71.091925,0.6,street_center,,"Fencourt Rd",,,Boston,MA,"Suffolk County",02115,US,"TIGER/Line® dataset from the US Census Bureau"
02108,"NORTHEASTERN UNIVERSITY","1:00 AM JOY ST Apt 2, 02108",42.357767,-71.064848,0.22,place,,,,,Boston,MA,"Suffolk County",02108,US,"TIGER/Line® dataset from the US Census Bureau"
02108,"NORTHEASTERN UNIVERSITY","34 BEACON ST, 02108",42.357365,-71.064948,1,rooftop,34,"Beacon St",,,Boston,MA,"Suffolk County",02108,US,"City of Boston"
02116,"SIMMONS  SUSAN  M","249 BEACON ST Apt 3, 02116",42.35354,-71.07856,1,rooftop,249,"Beacon St",Apt,3,Boston,MA,"Suffolk County",02116,US,"City of Boston"
02136,"SIMMONS ANTONIO","15 WESTMINSTER ST, 02136",42.26393,-71.12212,1,rooftop,15,"Westminster St",,,"Hyde Park",MA,"Suffolk County",02136,US,"City of Boston"
02136,"SIMMONS BARBARA","TAUNTON AV, 02136",42.254248,-71.129321,0.67,place,,,,,"Hyde Park",MA,"Suffolk County",02136,US,"TIGER/Line® dataset from the US Census Bureau"
02136,"SIMMONS BARBARA","18 TAUNTON AV, 02136",42.254248,-71.129321,0.22,place,,,,,"Hyde Park",MA,"Suffolk County",02136,US,"TIGER/Line® dataset from the US Census Bureau"
02124,"SIMMONS BENJAMIN J      ETAL","56 JACOB ST, 02124",42.28484,-71.08369,1,rooftop,56,"Jacob St",,,"Dorchester Center",MA,"Suffolk County",02124,US,"City of Boston"
02131,"SIMMONS CHARLES B","10 HOBSON ST, 02131",42.28029,-71.14179,1,rooftop,10,"Hobson St",,,Roslindale,MA,"Suffolk County",02131,US,"City of Boston"
02129,"SIMMONS CHRISTINA","24 CORDIS ST Apt 3, 02129",42.37563,-71.06288,1,rooftop,24,"Cordis St",Apt,3,Charlestown,MA,"Suffolk County",02129,US,"City of Boston"
02124,"SIMMONS CHRISTINE","3-Jan LOUIS TE Apt 3, 02124",42.286784,-71.071045,0.22,place,,,,,Boston,MA,"Suffolk County",02124,US,"TIGER/Line® dataset from the US Census Bureau"
02215,"SIMMONS COLLEGE","259 275 BROOKLINE AV, 02215",42.342269,-71.104106,1,rooftop,259-275,"Brookline Ave",,,Boston,MA,"Suffolk County",02215,US,"City of Boston"
02215,"SIMMONS COLLEGE","259 275 BROOKLINE AV, 02215",42.342269,-71.104106,1,rooftop,259-275,"Brookline Ave",,,Boston,MA,"Suffolk County",02215,US,"City of Boston"
02215,"SIMMONS COLLEGE","259 275 BROOKLINE AV, 02215",42.342269,-71.104106,1,rooftop,259-275,"Brookline Ave",,,Boston,MA,"Suffolk County",02215,US,"City of Boston"
02215,"SIMMONS COLLEGE","259 275 BROOKLINE AV, 02215",42.342269,-71.104106,1,rooftop,259-275,"Brookline Ave",,,Boston,MA,"Suffolk County",02215,US,"City of Boston"
02215,"SIMMONS COLLEGE","38 PILGRIM RD, 02215",42.342356,-71.10478,1,rooftop,38,"Pilgrim Rd",,,Boston,MA,"Suffolk County",02215,US,"City of Boston"
02215,"SIMMONS COLLEGE","38 PILGRIM RD, 02215",42.342356,-71.10478,1,rooftop,38,"Pilgrim Rd",,,Boston,MA,"Suffolk County",02215,US,"City of Boston"
02115,"SIMMONS COLLEGE","300 FENWAY ST, 02115",42.33931,-71.09996,1,rooftop,300,Fenway,,,Boston,MA,"Suffolk County",02115,US,"City of Boston"
02115,"SIMMONS COLLEGE","300 FENWAY ST, 02115",42.33931,-71.09996,1,rooftop,300,Fenway,,,Boston,MA,"Suffolk County",02115,US,"City of Boston"
02115,"SIMMONS COLLEGE","300 FENWAY ST, 02115",42.33931,-71.09996,1,rooftop,300,Fenway,,,Boston,MA,"Suffolk County",02115,US,"City of Boston"
02115,"SIMMONS COLLEGE","300 FENWAY ST, 02115",42.33931,-71.09996,1,rooftop,300,Fenway,,,Boston,MA,"Suffolk County",02115,US,"City of Boston"
02115,"SIMMONS COLLEGE","300 FENWAY ST, 02115",42.33931,-71.09996,1,rooftop,300,Fenway,,,Boston,MA,"Suffolk County",02115,US,"City of Boston"
02115,"SIMMONS COLLEGE","300 FENWAY ST, 02115",42.33931,-71.09996,1,rooftop,300,Fenway,,,Boston,MA,"Suffolk County",02115,US,"City of Boston"
02115,"SIMMONS COLLEGE","300 FENWAY ST, 02115",42.33931,-71.09996,1,rooftop,300,Fenway,,,Boston,MA,"Suffolk County",02115,US,"City of Boston"
02115,"SIMMONS COLLEGE","300 FENWAY ST, 02115",42.33931,-71.09996,1,rooftop,300,Fenway,,,Boston,MA,"Suffolk County",02115,US,"City of Boston"
02115,"SIMMONS COLLEGE","300 FENWAY ST, 02115",42.33931,-71.09996,1,rooftop,300,Fenway,,,Boston,MA,"Suffolk County",02115,US,"City of Boston"
02115,"SIMMONS COLLEGE","300 FENWAY ST, 02115",42.33931,-71.09996,1,rooftop,300,Fenway,,,Boston,MA,"Suffolk County",02115,US,"City of Boston"
02125,"SIMMONS DIANNE M","6 8 INGLESIDE ST, 02125",42.31752,-71.07733,1,rooftop,6,"Ingleside St",,,Dorchester,MA,"Suffolk County",02125,US,"City of Boston"
02124,"SIMMONS DONALD R","12 CAPEN PL, 02124",42.28269,-71.08123,1,rooftop,12,"Capen Pl",,,"Dorchester Center",MA,"Suffolk County",02124,US,"City of Boston"
02124,"SIMMONS DOROTHY E","71 HARVARD ST, 02124",42.297521,-71.076304,1,range_interpolation,71,"Harvard St",,,"Dorchester Center",MA,"Suffolk County",02124,US,"TIGER/Line® dataset from the US Census Bureau"
02122,"SIMMONS ELAINE B","502 504 ASHMONT ST, 02122",42.289233,-71.052432,1,rooftop,502-504,"Ashmont St",,,Dorchester,MA,"Suffolk County",02122,US,"City of Boston"
02126,"SIMMONS ELIZABETH","ORLANDO ST, 02126",42.273607,-71.099715,1,street_center,,"Orlando St",,,Mattapan,MA,"Suffolk County",02126,US,"TIGER/Line® dataset from the US Census Bureau"
02126,"SIMMONS ELIZABETH","55 ORLANDO ST, 02126",42.27463,-71.09928,1,rooftop,55,"Orlando St",,,Mattapan,MA,"Suffolk County",02126,US,"City of Boston"
02124,"SIMMONS ERNESTINE G","63 EVANS ST, 02124",42.28267,-71.07998,1,rooftop,63,"Evans St",,,"Dorchester Center",MA,"Suffolk County",02124,US,"City of Boston"
02215,"SIMMONS FEMALE COLLEGE","62 PILGRIM RD, 02215",42.34195,-71.10545,1,rooftop,62,"Pilgrim Rd",,,Boston,MA,"Suffolk County",02215,US,"City of Boston"
02215,"SIMMONS FEMALE COLLEGE","321 BROOKLINE AV, 02215",42.34082,-71.1056,1,rooftop,321,"Brookline Ave",,,Boston,MA,"Suffolk County",02215,US,"City of Boston"
02215,"SIMMONS FEMALE COLLEGE","321 BROOKLINE AV, 02215",42.34082,-71.1056,1,rooftop,321,"Brookline Ave",,,Boston,MA,"Suffolk County",02215,US,"City of Boston"
02215,"SIMMONS FEMALE COLLEGE","46 PILGRIM RD, 02215",42.342059,-71.105314,1,rooftop,46,"Pilgrim Rd",,,Boston,MA,"Suffolk County",02215,US,"City of Boston"
02215,"SIMMONS FEMALE COLLEGE","321 BROOKLINE AV, 02215",42.34082,-71.1056,1,rooftop,321,"Brookline Ave",,,Boston,MA,"Suffolk County",02215,US,"City of Boston"
02215,"SIMMONS FEMALE COLLEGE","321 BROOKLINE AV, 02215",42.34082,-71.1056,1,rooftop,321,"Brookline Ave",,,Boston,MA,"Suffolk County",02215,US,"City of Boston"
02215,"SIMMONS FEMALE COLLEGE","291 BROOKLINE AV, 02215",42.34164,-71.10476,1,rooftop,291,"Brookline Ave",,,Boston,MA,"Suffolk County",02215,US,"City of Boston"
02215,"SIMMONS FEMALE COLLEGE","305 BROOKLINE AV, 02215",42.34129,-71.10512,1,rooftop,305,"Brookline Ave",,,Boston,MA,"Suffolk County",02215,US,"City of Boston"
02130,"SIMMONS FRANK CHARLES ETAL","53 SOUTH ST, 02130",42.30806,-71.11582,1,rooftop,53,"South St",,,"Jamaica Plain",MA,"Suffolk County",02130,US,"City of Boston"
02126,"SIMMONS GEORGINA","246 ITASCA ST, 02126",42.27243,-71.10329,1,rooftop,246,"Itasca St",,,Mattapan,MA,"Suffolk County",02126,US,"City of Boston"
02136,"SIMMONS GERALDYNE","135 HOLLINGSWORTH ST, 02136",42.254248,-71.129321,0.22,place,,,,,"Hyde Park",MA,"Suffolk County",02136,US,"TIGER/Line® dataset from the US Census Bureau"
02128,"SIMMONS ISABELLA C","20 WALDEMAR AV, 02128",42.39046,-70.99954,1,rooftop,20,"Waldemar Ave",,,"East Boston",MA,"Suffolk County",02128,US,"City of Boston"
02121,"SIMMONS JAMES L","41 SUPPLE RD, 02121",42.30629,-71.08278,1,rooftop,41,"Supple Rd",,,Dorchester,MA,"Suffolk County",02121,US,"City of Boston"
02126,"SIMMONS JAMES L","125 ITASCA ST, 02126",42.27517,-71.10104,1,rooftop,125,"Itasca St",,,Mattapan,MA,"Suffolk County",02126,US,"City of Boston"
02135,"SIMMONS JEAN M","9 UNION ST, 02135",42.34512,-71.14782,1,rooftop,9,"Union St",,,Brighton,MA,"Suffolk County",02135,US,"City of Boston"
02125,"SIMMONS JULIE A","22 RONAN ST, 02125",42.31105,-71.0664,1,rooftop,22,"Ronan St",,,Dorchester,MA,"Suffolk County",02125,US,"City of Boston"
02122,"SIMMONS JULIE A","27 BOUTWELL ST, 02122",42.29154,-71.05114,1,rooftop,27,"Boutwell St",,,Dorchester,MA,"Suffolk County",02122,US,"City of Boston"
02121,"SIMMONS KAREN A","BRINSLEY ST, 02121",42.305431,-71.078859,1,street_center,,"Brinsley St",,,Boston,MA,"Suffolk County",02121,US,"TIGER/Line® dataset from the US Census Bureau"
02121,"SIMMONS KAREN A","29 BRINSLEY ST, 02121",42.30571,-71.07828,1,rooftop,29,"Brinsley St",,,Dorchester,MA,"Suffolk County",02121,US,"City of Boston"
02131,"SIMMONS KRISTEN  A","70 WALWORTH ST, 02131",42.2851,-71.13733,1,rooftop,70,"Walworth St",,,Roslindale,MA,"Suffolk County",02131,US,"City of Boston"
02124,"SIMMONS L MARIA MRS","14 BROOKVIEW ST, 02124",42.28854,-71.091,1,rooftop,14,"Brookview St",,,"Dorchester Center",MA,"Suffolk County",02124,US,"City of Boston"
02119,"SIMMONS LESTER M","24 MARCELLA ST, 02119",42.32136,-71.09446,1,rooftop,24,"Marcella St",,,Roxbury,MA,"Suffolk County",02119,US,"City of Boston"
02129,"SIMMONS LISA","197 EIGHTH ST Apt 704, 02129",42.373646,-71.051699,1,rooftop,197,"8th St",Apt,704,Charlestown,MA,"Suffolk County",02129,US,"City of Boston"
02126,"SIMMONS LOUVENIA","741 MORTON ST, 02126",42.28378,-71.09011,1,rooftop,741,"Morton St",,,Mattapan,MA,"Suffolk County",02126,US,"City of Boston"
02126,"SIMMONS LOUVENIA","737 MORTON ST, 02126",42.283868,-71.090364,1,range_interpolation,737,"Morton St",,,Mattapan,MA,"Suffolk County",02126,US,"TIGER/Line® dataset from the US Census Bureau"
02129,"SIMMONS MANDY T  TS","106 BARTLETT ST, 02129",42.37907,-71.06609,1,rooftop,106,"Bartlett St",,,Charlestown,MA,"Suffolk County",02129,US,"City of Boston"
02126,"SIMMONS MARCIA","196 COLORADO ST, 02126",42.2741,-71.10266,1,rooftop,196,"Colorado St",,,Mattapan,MA,"Suffolk County",02126,US,"City of Boston"
02136,"SIMMONS MARGARET M FR2","331 WEST ST, 02136",42.26633,-71.12933,1,rooftop,331,"West St",,,"Hyde Park",MA,"Suffolk County",02136,US,"City of Boston"
02136,"SIMMONS MARILYN A","100 NAVARRE ST, 02136",42.27523,-71.11711,1,rooftop,100,"Navarre St",,,"Hyde Park",MA,"Suffolk County",02136,US,"City of Boston"
02132,"SIMMONS MARK A","16 ROCKLAND ST Apt 1, 02132",42.258487,-71.159051,1,rooftop,16,"Rockland St",Apt,1,"West Roxbury",MA,"Suffolk County",02132,US,"City of Boston"
02124,"SIMMONS MARTHA J","22 EVANS ST, 02124",42.28272,-71.0776,1,rooftop,22,"Evans St",,,"Dorchester Center",MA,"Suffolk County",02124,US,"City of Boston"
02121,"SIMMONS MATTHEW","5 BILODEAU RD, 02121",42.30719,-71.08191,1,rooftop,5,"Bilodeau Rd",,,Dorchester,MA,"Suffolk County",02121,US,"City of Boston"
02119,"SIMMONS MCDONALD W","2 WILLOUGHBY PL, 02119",42.32877,-71.09031,1,rooftop,2,"Willoughby Pl",,,Roxbury,MA,"Suffolk County",02119,US,"City of Boston"
02126,"SIMMONS MEREDITH T","78 REGIS RD, 02126",42.27185,-71.09435,1,rooftop,78,"Regis Rd",,,Mattapan,MA,"Suffolk County",02126,US,"City of Boston"
02135,"SIMMONS MICHAEL","19 OAKLAND ST, 02135",42.34998,-71.15767,1,rooftop,19,"Oakland St",,,Brighton,MA,"Suffolk County",02135,US,"City of Boston"
02136,"SIMMONS MICHAEL ETAL","34 SEFTON ST, 02136",42.254248,-71.129321,0.22,place,,,,,"Hyde Park",MA,"Suffolk County",02136,US,"TIGER/Line® dataset from the US Census Bureau"
02124,"SIMMONS MICHELLE R","250 254 NORFOLK ST, 02124",42.28441,-71.08074,0.9,range_interpolation,250,"Norfolk St",,,"Dorchester Center",MA,"Suffolk County",02124,US,"TIGER/Line® dataset from the US Census Bureau"
02124,"SIMMONS MICHELLE R","2 A2 CAPEN ST, 02124",42.286784,-71.071045,0.22,place,,,,,Boston,MA,"Suffolk County",02124,US,"TIGER/Line® dataset from the US Census Bureau"
02131,"SIMMONS PATRICIA D","32 WELLSMERE RD Apt 1, 02131",42.28088,-71.13573,1,rooftop,32,"Wellsmere Rd",Apt,1,Roslindale,MA,"Suffolk County",02131,US,"City of Boston"
02111,"SIMMONS PAUL T TS","151 TREMONT ST Apt 23-R, 02111",42.354605,-71.063341,1,rooftop,151,"Tremont St",Apt,23A,Boston,MA,"Suffolk County",02111,US,"City of Boston"
02124,"SIMMONS QUEENETTE ETAL","60 STANTON ST, 02124",42.28359,-71.07873,1,rooftop,60,"Stanton St",,,"Dorchester Center",MA,"Suffolk County",02124,US,"City of Boston"
02130,"SIMMONS QUINCEY R","143 CHESTNUT AV, 02130",42.31823,-71.10649,1,rooftop,143,"Chestnut Ave",,,"Jamaica Plain",MA,"Suffolk County",02130,US,"City of Boston"
02127,"SIMMONS ROBERT","819 BROADWAY ST Apt 4, 02127",42.3355,-71.03178,0.9,rooftop,819,"E Broadway",Apt,4,"South Boston",MA,"Suffolk County",02127,US,"City of Boston"
02126,"SIMMONS ROBERT L ETAL","81 ASTORIA ST, 02126",42.27888,-71.08844,1,rooftop,81,"Astoria St",,,Mattapan,MA,"Suffolk County",02126,US,"City of Boston"
02124,"SIMMONS RODNEY","28 30 WESTCOTT ST, 02124",42.292328,-71.07854,1,rooftop,28-30,"Westcott St",,,"Dorchester Center",MA,"Suffolk County",02124,US,"City of Boston"
02130,"SIMMONS ROSEMARY A","241 FOREST HILLS ST Apt 4, 02130",42.30404,-71.10375,1,rooftop,241,"Forest Hills St",Apt,4,"Jamaica Plain",MA,"Suffolk County",02130,US,"City of Boston"
02129,"SIMMONS SAMANTHA","5 CEDAR ST Apt 1, 02129",42.37632,-71.062124,1,rooftop,5,"Cedar St",Apt,1,Charlestown,MA,"Suffolk County",02129,US,"City of Boston"
02124,"SIMMONS THERESA","114 FAIRMOUNT ST, 02124",42.28005,-71.076,1,rooftop,114,"Fairmount St",,,"Dorchester Center",MA,"Suffolk County",02124,US,"City of Boston"
02125,"SIMMONS TYRONE S","16 WOODCLIFF ST, 02125",42.31616,-71.07713,1,rooftop,16,"Woodcliff St",,,Dorchester,MA,"Suffolk County",02125,US,"City of Boston"
02130,"SIMMONS WILLARD L","302 LAMARTINE ST, 02130",42.31236,-71.10747,1,rooftop,302,"Lamartine St",,,"Jamaica Plain",MA,"Suffolk County",02130,US,"City of Boston"
02114,"SIMMONS WILLIAM J","86 MYRTLE ST, 02114",42.3592,-71.0674,1,rooftop,86,"Myrtle St",,,Boston,MA,"Suffolk County",02114,US,"City of Boston"
02111,"SUFFOLK UNIVERSITY","148 150 TREMONT ST, 02111",42.35484,-71.063087,1,rooftop,148-150,"Tremont St",,,Boston,MA,"Suffolk County",02111,US,"City of Boston"
02111,"SUFFOLK UNIVERSITY","523 525 WASHINGTON ST, 02111",42.354212,-71.062258,1,rooftop,523-525,"Washington St",,,Boston,MA,"Suffolk County",02111,US,"City of Boston"
02108,"SUFFOLK UNIVERSITY","110 TREMONT ST, 02108",42.356845,-71.061311,1,rooftop,110,"Tremont St",,,Boston,MA,"Suffolk County",02108,US,"City of Boston"
02114,"SUFFOLK UNIVERSITY","20 SOMERSET ST, 02114",42.363175,-71.068646,0.22,place,,,,,Boston,MA,"Suffolk County",02114,US,"TIGER/Line® dataset from the US Census Bureau"
02114,"SUFFOLK UNIVERSITY","SOMERSET ST, 02114",42.363175,-71.068646,0.67,place,,,,,Boston,MA,"Suffolk County",02114,US,"TIGER/Line® dataset from the US Census Bureau"
02114,"SUFFOLK UNIVERSITY","144 154 CAMBRIDGE ST, 02114",42.360928,-71.064303,1,rooftop,144-154,"Cambridge St",,,Boston,MA,"Suffolk County",02114,US,"City of Boston"
02215,"THE BOSTON CONSERVATORY","132 IPSWICH ST, 02215",42.347309,-71.093693,1,rooftop,132,"Ipswich St",,,Boston,MA,"Suffolk County",02215,US,"City of Boston"
02134,"TRSTS OF BOSTON UNIVERSITY","120 ASHFORD ST, 02134",42.354443,-71.122323,1,rooftop,120,"Ashford St",,,Allston,MA,"Suffolk County",02134,US,"City of Boston"
02119,"TRUSTEES  BOSTON UNIVERSITY","817 ALBANY ST, 02119",42.332384,-71.075471,0.82,nearest_rooftop_match,815,"Albany St",,,Roxbury,MA,"Suffolk County",02119,US,"Office of Geographic Information (MassGIS), Commonwealth of Massachusetts, MassIT"
02215,"TRUSTEES  BOSTON UNIVERSITY","BAY STATE RD, 02215",42.350419,-71.099727,1,street_center,,"Bay State Rd",,,Boston,MA,"Suffolk County",02215,US,"TIGER/Line® dataset from the US Census Bureau"
02215,"TRUSTEES BOSTON UNIVERSITY","126 BAY STATE RD, 02215",42.35,-71.09897,1,rooftop,126,"Bay State Rd",,,Boston,MA,"Suffolk County",02215,US,"City of Boston"
02215,"TRUSTEES BOSTON UNIVERSITY","DEERFIELD ST, 02215",42.350113,-71.09747,1,street_center,,"Deerfield St",,,Boston,MA,"Suffolk County",02215,US,"TIGER/Line® dataset from the US Census Bureau"
02215,"TRUSTEES BOSTON UNIVERSITY","585 COMMONWEALTH AV, 02215",42.34946,-71.09846,1,rooftop,585,"Commonwealth Ave",,,Boston,MA,"Suffolk County",02215,US,"City of Boston"
02215,"TRUSTEES BOSTON UNIVERSITY","BAY STATE RD, 02215",42.350419,-71.099727,1,street_center,,"Bay State Rd",,,Boston,MA,"Suffolk County",02215,US,"TIGER/Line® dataset from the US Census Bureau"
02119,"TRUSTEES OF EMMANUEL COLLEGE","17 HIGHLAND PARK ST, 02119",42.325981,-71.093641,1,rooftop,17,"Highland Park St",,,Roxbury,MA,"Suffolk County",02119,US,"City of Boston"
02119,"TRUSTEES OF EMMANUEL COLLEGE","17 HIGHLAND PARK ST, 02119",42.325981,-71.093641,1,rooftop,17,"Highland Park St",,,Roxbury,MA,"Suffolk County",02119,US,"City of Boston"
02119,"TRUSTEES OF EMMANUEL COLLEGE","17 HIGHLAND PARK ST, 02119",42.325981,-71.093641,1,rooftop,17,"Highland Park St",,,Roxbury,MA,"Suffolk County",02119,US,"City of Boston"
02215,"WHEELOCK COLLEGE","200 RIVERWAY ST, 02215",42.341751,-71.106442,1,rooftop,200,Riverway,,,Boston,MA,"Suffolk County",02215,US,"City of Boston"
02215,"WHEELOCK COLLEGE","206 208 RIVERWAY ST, 02215",42.34321,-71.104802,0.9,range_interpolation,206,Riverway,,,Boston,MA,"Suffolk County",02215,US,"TIGER/Line® dataset from the US Census Bureau"
02215,"WHEELOCK COLLEGE","164 154 RIVERWAY ST, 02215",42.3428,-71.105558,1,rooftop,154,Riverway,,,Boston,MA,"Suffolk County",02215,US,"City of Boston"
02215,"WHEELOCK COLLEGE","210 214 RIVERWAY ST, 02215",42.34147,-71.10661,1,rooftop,210-214,Riverway,,,Boston,MA,"Suffolk County",02215,US,"City of Boston"
02215,"WHEELOCK COLLEGE","164 154 RIVERWAY ST, 02215",42.3428,-71.105558,1,rooftop,154,Riverway,,,Boston,MA,"Suffolk County",02215,US,"City of Boston"
02215,"WHEELOCK COLLEGE","164 154 RIVERWAY ST, 02215",42.3428,-71.105558,1,rooftop,154,Riverway,,,Boston,MA,"Suffolk County",02215,US,"City of Boston"
02215,"WHEELOCK COLLEGE","164 154 RIVERWAY ST, 02215",42.3428,-71.105558,1,rooftop,154,Riverway,,,Boston,MA,"Suffolk County",02215,US,"City of Boston"
02215,"WHEELOCK COLLEGE MASS","132 RIVERWAY ST, 02215",42.343109,-71.104682,1,rooftop,132,Riverway,,,Boston,MA,"Suffolk County",02215,US,"City of Boston"
